Timestamp,Human readable date,e00fce6872359b9131374b7c_soiltemp,context_e00fce6872359b9131374b7c_soiltemp
1564466415101,2019-07-30 00:00:15,23.2,{}
1564468214471,2019-07-30 00:30:14,22.9,{}
1564470015795,2019-07-30 01:00:15,22.6,{}
1564471813129,2019-07-30 01:30:13,22.4,{}
1564473612800,2019-07-30 02:00:12,22.1,{}
1564475416301,2019-07-30 02:30:16,21.8,{}
1564479014905,2019-07-30 03:30:14,21.4,{}
1564480815422,2019-07-30 04:00:15,21.2,{}
1564482612947,2019-07-30 04:30:12,21.0,{}
1564484414718,2019-07-30 05:00:14,20.8,{}
1564486214906,2019-07-30 05:30:14,20.6,{}
1564488016135,2019-07-30 06:00:16,20.4,{}
1564489814781,2019-07-30 06:30:14,20.3,{}
1564491616050,2019-07-30 07:00:16,20.2,{}
1564497015236,2019-07-30 08:30:15,21.0,{}
1564498815933,2019-07-30 09:00:15,21.4,{}
1564500615023,2019-07-30 09:30:15,22.0,{}
1564502413819,2019-07-30 10:00:13,23.1,{}
1564506016577,2019-07-30 11:00:16,25.5,{}
1564507816794,2019-07-30 11:30:16,25.5,{}
1564509618553,2019-07-30 12:00:18,25.6,{}
1564511418904,2019-07-30 12:30:18,27.0,{}
1564513217667,2019-07-30 13:00:17,27.8,{}
1564515020855,2019-07-30 13:30:20,28.5,{}
1564516820749,2019-07-30 14:00:20,29.3,{}
1564518618547,2019-07-30 14:30:18,30.0,{}
1564520416192,2019-07-30 15:00:16,29.9,{}
1564524034189,2019-07-30 16:00:34,29.7,{}
1564525814563,2019-07-30 16:30:14,29.7,{}
1564527614222,2019-07-30 17:00:14,29.2,{}
1564529412426,2019-07-30 17:30:12,28.8,{}
1564531216146,2019-07-30 18:00:16,28.2,{}
1564533015542,2019-07-30 18:30:15,27.5,{}
1564534815304,2019-07-30 19:00:15,27.1,{}
1564536613944,2019-07-30 19:30:13,26.5,{}
1564538415603,2019-07-30 20:00:15,25.9,{}
1564540212247,2019-07-30 20:30:12,25.3,{}
1564542014746,2019-07-30 21:00:14,24.7,{}
1564543815288,2019-07-30 21:30:15,24.3,{}
1564545613769,2019-07-30 22:00:13,23.9,{}
1564547415711,2019-07-30 22:30:15,23.6,{}
1564549214187,2019-07-30 23:00:14,23.4,{}
1564551014456,2019-07-30 23:30:14,23.0,{}
1564552814692,2019-07-31 00:00:14,22.7,{}
1564554613564,2019-07-31 00:30:13,22.5,{}
1564556415527,2019-07-31 01:00:15,22.2,{}
1564558215111,2019-07-31 01:30:15,21.9,{}
1564560015822,2019-07-31 02:00:15,21.6,{}
1564561814473,2019-07-31 02:30:14,21.4,{}
1564563613504,2019-07-31 03:00:13,21.2,{}
1564565416316,2019-07-31 03:30:16,21.0,{}
1564567215909,2019-07-31 04:00:15,20.8,{}
1564569014570,2019-07-31 04:30:14,20.6,{}
1564570814482,2019-07-31 05:00:14,20.4,{}
1564572625968,2019-07-31 05:30:25,20.3,{}
1564574414815,2019-07-31 06:00:14,20.2,{}
1564576213231,2019-07-31 06:30:13,20.0,{}
1564578017558,2019-07-31 07:00:17,20.1,{}
1564579814134,2019-07-31 07:30:14,20.2,{}
1564581616577,2019-07-31 08:00:16,20.4,{}
1564583413174,2019-07-31 08:30:13,20.5,{}
1564585214074,2019-07-31 09:00:14,20.5,{}
1564587015725,2019-07-31 09:30:15,20.9,{}
1564588812617,2019-07-31 10:00:12,22.5,{}
1564590614871,2019-07-31 10:30:14,24.0,{}
1564592412754,2019-07-31 11:00:12,25.2,{}
1564594215454,2019-07-31 11:30:15,26.2,{}
1564596012639,2019-07-31 12:00:12,27.2,{}
1564597815148,2019-07-31 12:30:15,28.2,{}
1564599615625,2019-07-31 13:00:15,29.0,{}
1564601414726,2019-07-31 13:30:14,29.9,{}
1564603214487,2019-07-31 14:00:14,29.9,{}
1564605013634,2019-07-31 14:30:13,30.0,{}
1564606814311,2019-07-31 15:00:14,30.2,{}
1564608613257,2019-07-31 15:30:13,29.8,{}
1564610414248,2019-07-31 16:00:14,29.8,{}
1564612215543,2019-07-31 16:30:15,29.4,{}
1564614013505,2019-07-31 17:00:13,29.1,{}
1564615814957,2019-07-31 17:30:14,28.4,{}
1564617614450,2019-07-31 18:00:14,27.8,{}
1564619414264,2019-07-31 18:30:14,27.2,{}
1564621215615,2019-07-31 19:00:15,26.8,{}
1564623013874,2019-07-31 19:30:13,26.4,{}
1564624814514,2019-07-31 20:00:14,26.0,{}
1564626614435,2019-07-31 20:30:14,25.6,{}
1564628415343,2019-07-31 21:00:15,25.2,{}
1564630214838,2019-07-31 21:30:14,24.9,{}
1564632015334,2019-07-31 22:00:15,24.7,{}
1564633815706,2019-07-31 22:30:15,24.4,{}
1564635613237,2019-07-31 23:00:13,24.1,{}
1564637416085,2019-07-31 23:30:16,23.8,{}
1564639213166,2019-08-01 00:00:13,23.5,{}
1564641014014,2019-08-01 00:30:14,23.3,{}
1564642815617,2019-08-01 01:00:15,23.2,{}
1564644613057,2019-08-01 01:30:13,23.0,{}
1564646415419,2019-08-01 02:00:15,22.9,{}
1564648214971,2019-08-01 02:30:14,22.7,{}
1564650015234,2019-08-01 03:00:15,22.5,{}
1564651814434,2019-08-01 03:30:14,22.3,{}
1564653614600,2019-08-01 04:00:14,22.0,{}
1564655414659,2019-08-01 04:30:14,21.7,{}
1564657213445,2019-08-01 05:00:13,21.5,{}
1564659014781,2019-08-01 05:30:14,21.3,{}
1564660814725,2019-08-01 06:00:14,21.2,{}
1564662614678,2019-08-01 06:30:14,21.2,{}
1564664414803,2019-08-01 07:00:14,21.2,{}
1564666215292,2019-08-01 07:30:15,21.3,{}
1564668015515,2019-08-01 08:00:15,21.4,{}
1564669814116,2019-08-01 08:30:14,21.5,{}
1564671615781,2019-08-01 09:00:15,21.9,{}
1564673415416,2019-08-01 09:30:15,22.6,{}
1564675212806,2019-08-01 10:00:12,24.0,{}
1564677016044,2019-08-01 10:30:16,24.7,{}
1564678815516,2019-08-01 11:00:15,25.7,{}
1564680615457,2019-08-01 11:30:15,26.2,{}
1564682416269,2019-08-01 12:00:16,27.4,{}
1564684214682,2019-08-01 12:30:14,27.5,{}
1564686013139,2019-08-01 13:00:13,27.1,{}
1564687814775,2019-08-01 13:30:14,27.1,{}
1564689615092,2019-08-01 14:00:15,26.7,{}
1564691413815,2019-08-01 14:30:13,26.1,{}
1564693217097,2019-08-01 15:00:17,26.1,{}
1564695013606,2019-08-01 15:30:13,26.6,{}
1564696814799,2019-08-01 16:00:14,26.7,{}
1564698614119,2019-08-01 16:30:14,26.5,{}
1564700415184,2019-08-01 17:00:15,26.4,{}
1564702215007,2019-08-01 17:30:15,26.3,{}
1564704014748,2019-08-01 18:00:14,26.0,{}
1564705814209,2019-08-01 18:30:14,25.9,{}
1564707614539,2019-08-01 19:00:14,25.7,{}
1564709413405,2019-08-01 19:30:13,25.5,{}
1564711215144,2019-08-01 20:00:15,25.2,{}
1564713013391,2019-08-01 20:30:13,24.8,{}
1564714815499,2019-08-01 21:00:15,24.2,{}
1564716613818,2019-08-01 21:30:13,23.8,{}
1564718416145,2019-08-01 22:00:16,23.6,{}
1564720213603,2019-08-01 22:30:13,23.4,{}
1564722013209,2019-08-01 23:00:13,23.3,{}
1564723815632,2019-08-01 23:30:15,23.1,{}
1564725613835,2019-08-02 00:00:13,23.0,{}
1564727414983,2019-08-02 00:30:14,22.7,{}
1564729214195,2019-08-02 01:00:14,22.5,{}
1564731007947,2019-08-02 01:30:07,22.3,{}
1564732813487,2019-08-02 02:00:13,22.0,{}
1564734613739,2019-08-02 02:30:13,21.8,{}
1564736414426,2019-08-02 03:00:14,21.6,{}
1564738214475,2019-08-02 03:30:14,21.4,{}
1564740016570,2019-08-02 04:00:16,21.2,{}
1564741815113,2019-08-02 04:30:15,21.0,{}
1564743614921,2019-08-02 05:00:14,20.8,{}
1564745414679,2019-08-02 05:30:14,20.7,{}
1564747213135,2019-08-02 06:00:13,20.5,{}
1564749015862,2019-08-02 06:30:15,20.4,{}
1564750814143,2019-08-02 07:00:14,20.4,{}
1564752615390,2019-08-02 07:30:15,20.4,{}
1564754414313,2019-08-02 08:00:14,20.6,{}
1564756213352,2019-08-02 08:30:13,20.7,{}
1564758014198,2019-08-02 09:00:14,20.8,{}
1564759812940,2019-08-02 09:30:12,21.4,{}
1564763416161,2019-08-02 10:30:16,24.6,{}
1564765213422,2019-08-02 11:00:13,26.1,{}
1564767012733,2019-08-02 11:30:12,27.2,{}
1564768815511,2019-08-02 12:00:15,28.4,{}
1564770616896,2019-08-02 12:30:16,29.4,{}
1564772412673,2019-08-02 13:00:12,30.3,{}
1564774216584,2019-08-02 13:30:16,30.9,{}
1564776012875,2019-08-02 14:00:12,31.0,{}
1564777815621,2019-08-02 14:30:15,31.4,{}
1564779616896,2019-08-02 15:00:16,31.4,{}
1564781413950,2019-08-02 15:30:13,30.2,{}
1564783214710,2019-08-02 16:00:14,29.5,{}
1564785013794,2019-08-02 16:30:13,29.2,{}
1564786814433,2019-08-02 17:00:14,28.9,{}
1564788612815,2019-08-02 17:30:12,28.4,{}
1564790415072,2019-08-02 18:00:15,27.8,{}
1564792216485,2019-08-02 18:30:16,27.3,{}
1564794014469,2019-08-02 19:00:14,27.0,{}
1564795814176,2019-08-02 19:30:14,26.6,{}
1564797612644,2019-08-02 20:00:12,26.1,{}
1564799413510,2019-08-02 20:30:13,25.6,{}
1564801214693,2019-08-02 21:00:14,25.1,{}
1564803014120,2019-08-02 21:30:14,24.7,{}
1564804814760,2019-08-02 22:00:14,24.3,{}
1564806613544,2019-08-02 22:30:13,24.0,{}
1564808414586,2019-08-02 23:00:14,23.8,{}
1564810213689,2019-08-02 23:30:13,23.5,{}
1564812014511,2019-08-03 00:00:14,23.2,{}
1564813814982,2019-08-03 00:30:14,22.9,{}
1564815614196,2019-08-03 01:00:14,22.7,{}
1564817415488,2019-08-03 01:30:15,22.5,{}
1564819215395,2019-08-03 02:00:15,22.3,{}
1564821015079,2019-08-03 02:30:15,22.1,{}
1564822815124,2019-08-03 03:00:15,21.9,{}
1564824615503,2019-08-03 03:30:15,21.7,{}
1564826415478,2019-08-03 04:00:15,21.4,{}
1564828213661,2019-08-03 04:30:13,21.3,{}
1564830015755,2019-08-03 05:00:15,21.1,{}
1564831813746,2019-08-03 05:30:13,20.9,{}
1564833613188,2019-08-03 06:00:13,20.7,{}
1564835415731,2019-08-03 06:30:15,20.5,{}
1564837212511,2019-08-03 07:00:12,20.4,{}
1564839016176,2019-08-03 07:30:16,20.4,{}
1564840813310,2019-08-03 08:00:13,20.5,{}
1564842616024,2019-08-03 08:30:16,20.5,{}
1564844414397,2019-08-03 09:00:14,20.6,{}
1564846213298,2019-08-03 09:30:13,21.2,{}
1564848016361,2019-08-03 10:00:16,23.1,{}
1564849814307,2019-08-03 10:30:14,24.9,{}
1564851615206,2019-08-03 11:00:15,26.4,{}
1564853412509,2019-08-03 11:30:12,27.8,{}
1564855215870,2019-08-03 12:00:15,28.9,{}
1564857013670,2019-08-03 12:30:13,29.8,{}
1564858812974,2019-08-03 13:00:12,30.5,{}
1564860614860,2019-08-03 13:30:14,31.1,{}
1564862413124,2019-08-03 14:00:13,31.7,{}
1564864216473,2019-08-03 14:30:16,32.0,{}
1564866014579,2019-08-03 15:00:14,32.0,{}
1564867816548,2019-08-03 15:30:16,32.0,{}
1564869615283,2019-08-03 16:00:15,31.9,{}
1564871415033,2019-08-03 16:30:15,31.6,{}
1564873226171,2019-08-03 17:00:26,31.1,{}
1564875015557,2019-08-03 17:30:15,30.3,{}
1564882214402,2019-08-03 19:30:14,27.5,{}
1564884015514,2019-08-03 20:00:15,27.0,{}
1564885816162,2019-08-03 20:30:16,26.5,{}
1564887615502,2019-08-03 21:00:15,26.1,{}
1564889412520,2019-08-03 21:30:12,25.8,{}
1564891214872,2019-08-03 22:00:14,25.5,{}
1564893014486,2019-08-03 22:30:14,25.2,{}
1564894815855,2019-08-03 23:00:15,24.8,{}
1564896613096,2019-08-03 23:30:13,24.5,{}
1564898415846,2019-08-04 00:00:15,24.2,{}
1564900212720,2019-08-04 00:30:12,23.9,{}
1564902015092,2019-08-04 01:00:15,23.8,{}
1564903815422,2019-08-04 01:30:15,23.6,{}
1564905614249,2019-08-04 02:00:14,23.3,{}
1564907414943,2019-08-04 02:30:14,23.1,{}
1564909214026,2019-08-04 03:00:14,22.9,{}
1564911015022,2019-08-04 03:30:15,22.6,{}
1564912814392,2019-08-04 04:00:14,22.4,{}
1564914612953,2019-08-04 04:30:12,22.2,{}
1564916415779,2019-08-04 05:00:15,22.0,{}
1564918213262,2019-08-04 05:30:13,21.7,{}
1564920015629,2019-08-04 06:00:15,21.5,{}
1564921813923,2019-08-04 06:30:13,21.4,{}
1564923613817,2019-08-04 07:00:13,21.3,{}
1564925413364,2019-08-04 07:30:13,21.3,{}
1564927215203,2019-08-04 08:00:15,21.5,{}
1564929015915,2019-08-04 08:30:15,21.5,{}
1564930815278,2019-08-04 09:00:15,21.6,{}
1564932614137,2019-08-04 09:30:14,22.3,{}
1564934414969,2019-08-04 10:00:14,23.2,{}
1564936214670,2019-08-04 10:30:14,24.9,{}
1564938015029,2019-08-04 11:00:15,25.8,{}
1564939814641,2019-08-04 11:30:14,26.8,{}
1564941614545,2019-08-04 12:00:14,28.5,{}
1564943412712,2019-08-04 12:30:12,29.0,{}
1564945214030,2019-08-04 13:00:14,28.8,{}
1564947014807,2019-08-04 13:30:14,29.7,{}
1564948814015,2019-08-04 14:00:14,30.0,{}
1564952415443,2019-08-04 15:00:15,28.6,{}
1564954215166,2019-08-04 15:30:15,28.1,{}
1564956013308,2019-08-04 16:00:13,27.9,{}
1564957814778,2019-08-04 16:30:14,28.3,{}
1564959616080,2019-08-04 17:00:16,28.6,{}
1564961413880,2019-08-04 17:30:13,28.3,{}
1564963214007,2019-08-04 18:00:14,27.9,{}
1564965013575,2019-08-04 18:30:13,27.5,{}
1564966814141,2019-08-04 19:00:14,27.0,{}
1564968614011,2019-08-04 19:30:14,26.6,{}
1564970412867,2019-08-04 20:00:12,26.3,{}
1564972214919,2019-08-04 20:30:14,25.9,{}
1564974013073,2019-08-04 21:00:13,25.5,{}
1564975815300,2019-08-04 21:30:15,25.0,{}
1564977614373,2019-08-04 22:00:14,24.6,{}
1564979414514,2019-08-04 22:30:14,24.3,{}
1564981212691,2019-08-04 23:00:12,24.1,{}
1564983014687,2019-08-04 23:30:14,23.8,{}
1564984814161,2019-08-05 00:00:14,23.6,{}
1564986614791,2019-08-05 00:30:14,23.4,{}
1564988415139,2019-08-05 01:00:15,23.2,{}
1564990214048,2019-08-05 01:30:14,23.1,{}
1564992014585,2019-08-05 02:00:14,22.9,{}
1564995616230,2019-08-05 03:00:16,22.5,{}
1564997414390,2019-08-05 03:30:14,22.4,{}
1564999214054,2019-08-05 04:00:14,22.2,{}
1565001014468,2019-08-05 04:30:14,22.1,{}
1565002814406,2019-08-05 05:00:14,22.0,{}
1565008214652,2019-08-05 06:30:14,21.8,{}
1565010014060,2019-08-05 07:00:14,21.6,{}
1565011813229,2019-08-05 07:30:13,21.5,{}
1565013616497,2019-08-05 08:00:16,21.6,{}
1565015413002,2019-08-05 08:30:13,21.5,{}
1565017213845,2019-08-05 09:00:13,21.4,{}
1565019014969,2019-08-05 09:30:14,22.0,{}
1565020814196,2019-08-05 10:00:14,23.7,{}
1565022614505,2019-08-05 10:30:14,25.2,{}
1565024413604,2019-08-05 11:00:13,26.5,{}
1565026214040,2019-08-05 11:30:14,27.9,{}
1565028015604,2019-08-05 12:00:15,29.1,{}
1565029815330,2019-08-05 12:30:15,30.4,{}
1565031615057,2019-08-05 13:00:15,31.1,{}
1565033414138,2019-08-05 13:30:14,31.5,{}
1565035215087,2019-08-05 14:00:15,30.5,{}
1565037014204,2019-08-05 14:30:14,29.2,{}
1565038813987,2019-08-05 15:00:13,29.5,{}
1565042415650,2019-08-05 16:00:15,29.9,{}
1565044214786,2019-08-05 16:30:14,29.1,{}
1565046013564,2019-08-05 17:00:13,28.1,{}
1565047813347,2019-08-05 17:30:13,27.8,{}
1565049615521,2019-08-05 18:00:15,27.3,{}
1565051413101,2019-08-05 18:30:13,27.0,{}
1565056816731,2019-08-05 20:00:16,25.5,{}
1565058614985,2019-08-05 20:30:14,25.2,{}
1565064016532,2019-08-05 22:00:16,24.1,{}
1565065814138,2019-08-05 22:30:14,23.8,{}
1565067614576,2019-08-05 23:00:14,23.5,{}
1565069414407,2019-08-05 23:30:14,23.2,{}
1565071215640,2019-08-06 00:00:15,23.0,{}
1565073013150,2019-08-06 00:30:13,22.8,{}
1565074816068,2019-08-06 01:00:16,22.6,{}
1565076614979,2019-08-06 01:30:14,22.4,{}
1565078414577,2019-08-06 02:00:14,22.2,{}
1565080215312,2019-08-06 02:30:15,22.0,{}
1565082013752,2019-08-06 03:00:13,21.7,{}
1565083816320,2019-08-06 03:30:16,21.5,{}
1565085612679,2019-08-06 04:00:12,21.3,{}
1565087415093,2019-08-06 04:30:15,21.1,{}
1565089213709,2019-08-06 05:00:13,21.0,{}
1565091014462,2019-08-06 05:30:14,20.8,{}
1565092814882,2019-08-06 06:00:14,20.6,{}
1565094614404,2019-08-06 06:30:14,20.5,{}
1565096414883,2019-08-06 07:00:14,20.4,{}
1565098213681,2019-08-06 07:30:13,20.4,{}
1565101814957,2019-08-06 08:30:14,20.6,{}
1565103617011,2019-08-06 09:00:17,20.7,{}
1565105413567,2019-08-06 09:30:13,21.4,{}
1565107213807,2019-08-06 10:00:13,23.4,{}
1565109014929,2019-08-06 10:30:14,25.3,{}
1565110813669,2019-08-06 11:00:13,26.5,{}
1565112616236,2019-08-06 11:30:16,28.0,{}
1565114415955,2019-08-06 12:00:15,29.1,{}
1565116215156,2019-08-06 12:30:15,29.8,{}
1565118017007,2019-08-06 13:00:17,30.2,{}
1565119815350,2019-08-06 13:30:15,30.8,{}
1565121614989,2019-08-06 14:00:14,31.1,{}
1565123414623,2019-08-06 14:30:14,30.8,{}
1565125215291,2019-08-06 15:00:15,30.7,{}
1565127014887,2019-08-06 15:30:14,30.6,{}
1565128813862,2019-08-06 16:00:13,30.5,{}
1565130617099,2019-08-06 16:30:17,30.2,{}
1565132413003,2019-08-06 17:00:13,29.9,{}
1565134217059,2019-08-06 17:30:17,29.5,{}
1565136014607,2019-08-06 18:00:14,29.0,{}
1565137814938,2019-08-06 18:30:14,28.5,{}
1565139614151,2019-08-06 19:00:14,28.1,{}
1565141414088,2019-08-06 19:30:14,27.7,{}
1565146815801,2019-08-06 21:00:15,26.4,{}
1565148614844,2019-08-06 21:30:14,25.9,{}
1565150414500,2019-08-06 22:00:14,25.5,{}
1565152215741,2019-08-06 22:30:15,25.1,{}
1565154013261,2019-08-06 23:00:13,24.8,{}
1565155815813,2019-08-06 23:30:15,24.4,{}
1565157615700,2019-08-07 00:00:15,24.1,{}
1565159416109,2019-08-07 00:30:16,23.8,{}
1565161214395,2019-08-07 01:00:14,23.5,{}
1565163014161,2019-08-07 01:30:14,23.2,{}
1565164814933,2019-08-07 02:00:14,23.0,{}
1565166614435,2019-08-07 02:30:14,22.6,{}
1565168415973,2019-08-07 03:00:15,22.2,{}
1565170213713,2019-08-07 03:30:13,22.0,{}
1565175617115,2019-08-07 05:00:17,21.4,{}
1565179214476,2019-08-07 06:00:14,21.1,{}
1565181015320,2019-08-07 06:30:15,21.0,{}
1565182814317,2019-08-07 07:00:14,21.0,{}
1565184613651,2019-08-07 07:30:13,21.0,{}
1565186415800,2019-08-07 08:00:15,21.1,{}
1565188213535,2019-08-07 08:30:13,21.1,{}
1565190015231,2019-08-07 09:00:15,21.2,{}
1565191803322,2019-08-07 09:30:03,21.7,{}
1565193603137,2019-08-07 10:00:03,23.0,{}
1565193662879,2019-08-07 10:01:02,23.1,{}
1565195403733,2019-08-07 10:30:03,24.5,{}
1565197203462,2019-08-07 11:00:03,25.4,{}
1565199002842,2019-08-07 11:30:02,26.5,{}
1565200802962,2019-08-07 12:00:02,26.4,{}
1565202602711,2019-08-07 12:30:02,26.1,{}
1565202662942,2019-08-07 12:31:02,26.1,{}
1565204402805,2019-08-07 13:00:02,25.9,{}
1565206202593,2019-08-07 13:30:02,25.7,{}
1565206262507,2019-08-07 13:31:02,25.7,{}
1565208002572,2019-08-07 14:00:02,26.5,{}
1565209802578,2019-08-07 14:30:02,26.9,{}
1565211602789,2019-08-07 15:00:02,27.2,{}
1565211662434,2019-08-07 15:01:02,27.3,{}
1565213407916,2019-08-07 15:30:07,26.8,{}
1565213464118,2019-08-07 15:31:04,26.9,{}
1565213523802,2019-08-07 15:32:03,26.9,{}
1565213583870,2019-08-07 15:33:03,26.9,{}
1565217015079,2019-08-07 16:30:15,25.8,{}
1565218815013,2019-08-07 17:00:15,25.5,{}
1565220613313,2019-08-07 17:30:13,25.5,{}
1565222415290,2019-08-07 18:00:15,25.4,{}
1565224214666,2019-08-07 18:30:14,25.4,{}
1565226014781,2019-08-07 19:00:14,25.3,{}
1565227815004,2019-08-07 19:30:15,25.1,{}
1565229615232,2019-08-07 20:00:15,24.8,{}
1565231414924,2019-08-07 20:30:14,24.5,{}
1565233214628,2019-08-07 21:00:14,24.4,{}
1565235013260,2019-08-07 21:30:13,24.3,{}
1565238615067,2019-08-07 22:30:15,23.9,{}
1565240416149,2019-08-07 23:00:16,23.6,{}
1565242214530,2019-08-07 23:30:14,23.4,{}
1565244015691,2019-08-08 00:00:15,23.0,{}
1565245814758,2019-08-08 00:30:14,22.8,{}
1565247613449,2019-08-08 01:00:13,22.6,{}
1565249417202,2019-08-08 01:30:17,22.4,{}
1565251214017,2019-08-08 02:00:14,22.2,{}
1565256615836,2019-08-08 03:30:15,21.9,{}
1565258413749,2019-08-08 04:00:13,21.8,{}
1565260215443,2019-08-08 04:30:15,21.6,{}
1565262015800,2019-08-08 05:00:15,21.6,{}
1565263813530,2019-08-08 05:30:13,21.6,{}
1565265616799,2019-08-08 06:00:16,21.5,{}
1565267412562,2019-08-08 06:30:12,21.4,{}
1565269214257,2019-08-08 07:00:14,21.4,{}
1565271013439,2019-08-08 07:30:13,21.4,{}
1565272816113,2019-08-08 08:00:16,21.5,{}
1565274615691,2019-08-08 08:30:15,21.6,{}
1565276414174,2019-08-08 09:00:14,21.9,{}
1565278215606,2019-08-08 09:30:15,22.7,{}
1565280015076,2019-08-08 10:00:15,23.4,{}
1565281813201,2019-08-08 10:30:13,23.8,{}
1565283616620,2019-08-08 11:00:16,23.8,{}
1565285414414,2019-08-08 11:30:14,24.0,{}
1565287216318,2019-08-08 12:00:16,24.8,{}
1565289015416,2019-08-08 12:30:15,26.2,{}
1565290815209,2019-08-08 13:00:15,27.4,{}
1565292615013,2019-08-08 13:30:15,27.9,{}
1565294413359,2019-08-08 14:00:13,28.3,{}
1565296215981,2019-08-08 14:30:15,27.7,{}
1565298014587,2019-08-08 15:00:14,27.1,{}
1565299815800,2019-08-08 15:30:15,26.6,{}
1565301615394,2019-08-08 16:00:15,26.5,{}
1565303414879,2019-08-08 16:30:14,27.1,{}
1565305216219,2019-08-08 17:00:16,27.3,{}
1565307013186,2019-08-08 17:30:13,27.0,{}
1565308815560,2019-08-08 18:00:15,26.3,{}
1565310613818,2019-08-08 18:30:13,25.6,{}
1565312415540,2019-08-08 19:00:15,25.1,{}
1565317816066,2019-08-08 20:30:16,24.2,{}
1565321414421,2019-08-08 21:30:14,23.6,{}
1565326816172,2019-08-08 23:00:16,23.0,{}
1565328613849,2019-08-08 23:30:13,22.8,{}
1565330415607,2019-08-09 00:00:15,22.5,{}
1565332214899,2019-08-09 00:30:14,22.3,{}
1565334016143,2019-08-09 01:00:16,22.1,{}
1565335814052,2019-08-09 01:30:14,22.0,{}
1565337614360,2019-08-09 02:00:14,22.0,{}
1565339416432,2019-08-09 02:30:16,21.9,{}
1565341215504,2019-08-09 03:00:15,21.9,{}
1565343016477,2019-08-09 03:30:16,21.8,{}
1565344815009,2019-08-09 04:00:15,21.5,{}
1565346616645,2019-08-09 04:30:16,21.5,{}
1565348413980,2019-08-09 05:00:13,21.4,{}
1565350214237,2019-08-09 05:30:14,21.3,{}
1565352015927,2019-08-09 06:00:15,21.1,{}
1565353814150,2019-08-09 06:30:14,20.8,{}
1565357414994,2019-08-09 07:30:14,20.6,{}
1565361016238,2019-08-09 08:30:16,20.7,{}
1565362814792,2019-08-09 09:00:14,20.8,{}
1565364616153,2019-08-09 09:30:16,21.6,{}
1565366415023,2019-08-09 10:00:15,23.2,{}
1565368216478,2019-08-09 10:30:16,24.5,{}
1565370014118,2019-08-09 11:00:14,25.7,{}
1565371813479,2019-08-09 11:30:13,26.7,{}
1565373616007,2019-08-09 12:00:16,27.5,{}
1565375415891,2019-08-09 12:30:15,28.4,{}
1565377215153,2019-08-09 13:00:15,28.8,{}
1565379013625,2019-08-09 13:30:13,29.0,{}
1565380815425,2019-08-09 14:00:15,29.5,{}
1565382614519,2019-08-09 14:30:14,29.4,{}
1565384415895,2019-08-09 15:00:15,29.1,{}
1565386215741,2019-08-09 15:30:15,29.0,{}
1565388013334,2019-08-09 16:00:13,29.2,{}
1565389815235,2019-08-09 16:30:15,29.1,{}
1565391615292,2019-08-09 17:00:15,28.6,{}
1565393415324,2019-08-09 17:30:15,28.2,{}
1565397016671,2019-08-09 18:30:16,27.4,{}
1565398815978,2019-08-09 19:00:15,27.0,{}
1565400613272,2019-08-09 19:30:13,26.5,{}
1565402414484,2019-08-09 20:00:14,26.1,{}
1565404215712,2019-08-09 20:30:15,25.7,{}
1565406012751,2019-08-09 21:00:12,25.3,{}
1565407814936,2019-08-09 21:30:14,25.1,{}
1565409614746,2019-08-09 22:00:14,24.8,{}
1565411416197,2019-08-09 22:30:16,24.6,{}
1565413215037,2019-08-09 23:00:15,24.2,{}
1565415016216,2019-08-09 23:30:16,24.0,{}
1565416813770,2019-08-10 00:00:13,23.8,{}
1565418613087,2019-08-10 00:30:13,23.7,{}
1565420416953,2019-08-10 01:00:16,23.5,{}
1565422214482,2019-08-10 01:30:14,23.3,{}
1565424016383,2019-08-10 02:00:16,23.0,{}
1565425815769,2019-08-10 02:30:15,22.8,{}
1565427614899,2019-08-10 03:00:14,22.5,{}
1565429413389,2019-08-10 03:30:13,22.3,{}
1565431214834,2019-08-10 04:00:14,22.2,{}
1565433015963,2019-08-10 04:30:15,22.1,{}
1565434813398,2019-08-10 05:00:13,22.0,{}
1565436615164,2019-08-10 05:30:15,21.9,{}
1565438413829,2019-08-10 06:00:13,21.8,{}
1565440213562,2019-08-10 06:30:13,21.7,{}
1565442014657,2019-08-10 07:00:14,21.7,{}
1565443813899,2019-08-10 07:30:13,21.6,{}
1565445616770,2019-08-10 08:00:16,21.6,{}
1565447415619,2019-08-10 08:30:15,21.8,{}
1565449217852,2019-08-10 09:00:17,21.8,{}
1565451015222,2019-08-10 09:30:15,21.9,{}
1565452814874,2019-08-10 10:00:14,22.0,{}
1565454616447,2019-08-10 10:30:16,21.1,{}
1565456414162,2019-08-10 11:00:14,21.1,{}
1565458216245,2019-08-10 11:30:16,21.1,{}
1565460014907,2019-08-10 12:00:14,21.2,{}
1565461812952,2019-08-10 12:30:12,21.4,{}
1565463615443,2019-08-10 13:00:15,22.1,{}
1565465415787,2019-08-10 13:30:15,22.2,{}
1565467215675,2019-08-10 14:00:15,22.1,{}
1565469015097,2019-08-10 14:30:15,22.1,{}
1565470816187,2019-08-10 15:00:16,22.2,{}
1565472614423,2019-08-10 15:30:14,22.6,{}
1565474414931,2019-08-10 16:00:14,23.2,{}
1565479817422,2019-08-10 17:30:17,24.3,{}
1565481614458,2019-08-10 18:00:14,24.0,{}
1565483415813,2019-08-10 18:30:15,23.7,{}
1565485213909,2019-08-10 19:00:13,23.5,{}
1565487015874,2019-08-10 19:30:15,23.3,{}
1565488815368,2019-08-10 20:00:15,23.2,{}
1565490616002,2019-08-10 20:30:16,22.9,{}
1565492416356,2019-08-10 21:00:16,22.7,{}
1565494214344,2019-08-10 21:30:14,22.3,{}
1565496013946,2019-08-10 22:00:13,22.1,{}
1565497816459,2019-08-10 22:30:16,21.9,{}
1565499613680,2019-08-10 23:00:13,21.6,{}
1565501416612,2019-08-10 23:30:16,21.3,{}
1565503214603,2019-08-11 00:00:14,21.2,{}
1565505015020,2019-08-11 00:30:15,21.0,{}
1565506813557,2019-08-11 01:00:13,20.8,{}
1565508613406,2019-08-11 01:30:13,20.6,{}
1565510416437,2019-08-11 02:00:16,20.5,{}
1565515816066,2019-08-11 03:30:16,20.2,{}
1565517615847,2019-08-11 04:00:15,20.1,{}
1565519415154,2019-08-11 04:30:15,20.0,{}
1565521214837,2019-08-11 05:00:14,19.8,{}
1565523015790,2019-08-11 05:30:15,19.8,{}
1565524814466,2019-08-11 06:00:14,19.7,{}
1565526615136,2019-08-11 06:30:15,19.7,{}
1565528414737,2019-08-11 07:00:14,19.7,{}
1565530214398,2019-08-11 07:30:14,19.7,{}
1565532015505,2019-08-11 08:00:15,19.8,{}
1565533815581,2019-08-11 08:30:15,20.1,{}
1565535616608,2019-08-11 09:00:16,20.3,{}
1565537413843,2019-08-11 09:30:13,20.6,{}
1565539216597,2019-08-11 10:00:16,21.4,{}
1565541013086,2019-08-11 10:30:13,22.9,{}
1565542813293,2019-08-11 11:00:13,24.0,{}
1565544615938,2019-08-11 11:30:15,24.5,{}
1565546414548,2019-08-11 12:00:14,24.8,{}
1565548215755,2019-08-11 12:30:15,25.2,{}
1565550014543,2019-08-11 13:00:14,25.7,{}
1565551814910,2019-08-11 13:30:14,25.9,{}
1565553613846,2019-08-11 14:00:13,25.8,{}
1565555412609,2019-08-11 14:30:12,25.4,{}
1565557217132,2019-08-11 15:00:17,25.0,{}
1565559014830,2019-08-11 15:30:14,24.7,{}
1565560815652,2019-08-11 16:00:15,24.7,{}
1565562614237,2019-08-11 16:30:14,24.6,{}
1565564414253,2019-08-11 17:00:14,24.5,{}
1565569816427,2019-08-11 18:30:16,23.8,{}
1565571614284,2019-08-11 19:00:14,23.6,{}
1565573415405,2019-08-11 19:30:15,23.3,{}
1565575212931,2019-08-11 20:00:12,23.0,{}
1565577013319,2019-08-11 20:30:13,22.6,{}
1565578814958,2019-08-11 21:00:14,22.3,{}
1565580634462,2019-08-11 21:30:34,22.1,{}
1565584216092,2019-08-11 22:30:16,21.6,{}
1565586013343,2019-08-11 23:00:13,21.3,{}
1565587815390,2019-08-11 23:30:15,21.1,{}
1565589615433,2019-08-12 00:00:15,20.9,{}
1565591416084,2019-08-12 00:30:16,20.7,{}
1565593215198,2019-08-12 01:00:15,20.5,{}
1565595016177,2019-08-12 01:30:16,20.4,{}
1565596814023,2019-08-12 02:00:14,20.2,{}
1565598614314,2019-08-12 02:30:14,20.0,{}
1565600415573,2019-08-12 03:00:15,19.8,{}
1565602214533,2019-08-12 03:30:14,19.5,{}
1565604016670,2019-08-12 04:00:16,19.3,{}
1565605814855,2019-08-12 04:30:14,19.1,{}
1565607615338,2019-08-12 05:00:15,19.0,{}
1565609416488,2019-08-12 05:30:16,18.9,{}
1565611212736,2019-08-12 06:00:12,18.8,{}
1565613015526,2019-08-12 06:30:15,18.6,{}
1565614824327,2019-08-12 07:00:24,18.5,{}
1565616616166,2019-08-12 07:30:16,18.5,{}
1565620215268,2019-08-12 08:30:15,18.6,{}
1565622014866,2019-08-12 09:00:14,18.6,{}
1565623814034,2019-08-12 09:30:14,19.0,{}
1565625615450,2019-08-12 10:00:15,20.5,{}
1565627413866,2019-08-12 10:30:13,22.0,{}
1565629215872,2019-08-12 11:00:15,23.4,{}
1565631012970,2019-08-12 11:30:12,24.8,{}
1565632813933,2019-08-12 12:00:13,25.9,{}
1565634616773,2019-08-12 12:30:16,26.6,{}
1565636414404,2019-08-12 13:00:14,27.2,{}
1565641815860,2019-08-12 14:30:15,28.3,{}
1565643613119,2019-08-12 15:00:13,28.0,{}
1565645413514,2019-08-12 15:30:13,27.6,{}
1565647216175,2019-08-12 16:00:16,27.4,{}
1565649013339,2019-08-12 16:30:13,27.4,{}
1565650815367,2019-08-12 17:00:15,26.8,{}
1565652613898,2019-08-12 17:30:13,26.4,{}
1565656216041,2019-08-12 18:30:16,25.7,{}
1565658014299,2019-08-12 19:00:14,25.5,{}
1565659816833,2019-08-12 19:30:16,25.2,{}
1565661614084,2019-08-12 20:00:14,24.9,{}
1565663415019,2019-08-12 20:30:15,24.5,{}
1565665213734,2019-08-12 21:00:13,24.3,{}
1565667015304,2019-08-12 21:30:15,23.9,{}
1565668815852,2019-08-12 22:00:15,23.5,{}
1565670615077,2019-08-12 22:30:15,23.3,{}
1565674215862,2019-08-12 23:30:15,22.6,{}
1565676016063,2019-08-13 00:00:16,22.4,{}
1565677815437,2019-08-13 00:30:15,22.1,{}
1565679613511,2019-08-13 01:00:13,21.8,{}
1565681415453,2019-08-13 01:30:15,21.5,{}
1565685015709,2019-08-13 02:30:15,21.0,{}
1565686813975,2019-08-13 03:00:13,20.8,{}
1565688613960,2019-08-13 03:30:13,20.6,{}
1565690415384,2019-08-13 04:00:15,20.4,{}
1565692213478,2019-08-13 04:30:13,20.1,{}
1565694016610,2019-08-13 05:00:16,19.9,{}
1565695814621,2019-08-13 05:30:14,19.7,{}
1565697616441,2019-08-13 06:00:16,19.5,{}
1565699414018,2019-08-13 06:30:14,19.3,{}
1565701213795,2019-08-13 07:00:13,19.1,{}
1565703015472,2019-08-13 07:30:15,19.1,{}
1565704813362,2019-08-13 08:00:13,19.1,{}
1565706614992,2019-08-13 08:30:14,19.1,{}
1565708414790,2019-08-13 09:00:14,19.1,{}
1565710213429,2019-08-13 09:30:13,19.4,{}
1565712016491,2019-08-13 10:00:16,21.0,{}
1565717414301,2019-08-13 11:30:14,25.1,{}
1565719215871,2019-08-13 12:00:15,26.2,{}
1565721013208,2019-08-13 12:30:13,27.1,{}
1565722815462,2019-08-13 13:00:15,27.8,{}
1565724615433,2019-08-13 13:30:15,28.1,{}
1565726414662,2019-08-13 14:00:14,28.5,{}
1565728215009,2019-08-13 14:30:15,28.5,{}
1565730014378,2019-08-13 15:00:14,28.4,{}
1565731816798,2019-08-13 15:30:16,28.4,{}
1565733614819,2019-08-13 16:00:14,28.1,{}
1565735413519,2019-08-13 16:30:13,27.9,{}
1565737216785,2019-08-13 17:00:16,27.5,{}
1565739014757,2019-08-13 17:30:14,27.1,{}
1565740815013,2019-08-13 18:00:15,26.5,{}
1565742615040,2019-08-13 18:30:15,25.9,{}
1565744413561,2019-08-13 19:00:13,25.4,{}
1565746213985,2019-08-13 19:30:13,25.0,{}
1565748013704,2019-08-13 20:00:13,24.8,{}
1565749815320,2019-08-13 20:30:15,24.4,{}
1565751613322,2019-08-13 21:00:13,24.0,{}
1565753414581,2019-08-13 21:30:14,23.8,{}
1565755215497,2019-08-13 22:00:15,23.7,{}
1565757016737,2019-08-13 22:30:16,23.6,{}
1565758814748,2019-08-13 23:00:14,23.4,{}
1565760614063,2019-08-13 23:30:14,23.1,{}
1565762415948,2019-08-14 00:00:15,22.9,{}
1565764213706,2019-08-14 00:30:13,22.7,{}
1565766015286,2019-08-14 01:00:15,22.4,{}
1565767814149,2019-08-14 01:30:14,22.1,{}
1565769615278,2019-08-14 02:00:15,21.9,{}
1565771415125,2019-08-14 02:30:15,21.7,{}
1565773214888,2019-08-14 03:00:14,21.4,{}
1565775015762,2019-08-14 03:30:15,21.2,{}
1565776815087,2019-08-14 04:00:15,21.0,{}
1565778613918,2019-08-14 04:30:13,20.9,{}
1565780417047,2019-08-14 05:00:17,20.6,{}
1565782245037,2019-08-14 05:30:45,20.5,{}
1565784015064,2019-08-14 06:00:15,20.3,{}
1565785813251,2019-08-14 06:30:13,20.2,{}
1565789415772,2019-08-14 07:30:15,20.2,{}
1565791228273,2019-08-14 08:00:28,20.3,{}
1565793014713,2019-08-14 08:30:14,20.3,{}
1565794814136,2019-08-14 09:00:14,20.4,{}
1565796616368,2019-08-14 09:30:16,20.6,{}
1565798415599,2019-08-14 10:00:15,22.0,{}
1565800216324,2019-08-14 10:30:16,23.4,{}
1565802016733,2019-08-14 11:00:16,24.5,{}
1565803814661,2019-08-14 11:30:14,25.5,{}
1565805615058,2019-08-14 12:00:15,26.6,{}
1565807414017,2019-08-14 12:30:14,27.7,{}
1565809227754,2019-08-14 13:00:27,27.6,{}
1565811013949,2019-08-14 13:30:13,28.1,{}
1565812815500,2019-08-14 14:00:15,28.8,{}
1565814615955,2019-08-14 14:30:15,29.0,{}
1565816412981,2019-08-14 15:00:12,28.5,{}
1565818215098,2019-08-14 15:30:15,28.0,{}
1565820014969,2019-08-14 16:00:14,27.8,{}
1565821814869,2019-08-14 16:30:14,27.9,{}
1565823613627,2019-08-14 17:00:13,27.8,{}
1565825414006,2019-08-14 17:30:14,27.7,{}
1565827215086,2019-08-14 18:00:15,27.4,{}
1565829015269,2019-08-14 18:30:15,26.8,{}
1565830815224,2019-08-14 19:00:15,26.2,{}
1565832615118,2019-08-14 19:30:15,25.9,{}
1565836216248,2019-08-14 20:30:16,24.9,{}
1565838013585,2019-08-14 21:00:13,24.4,{}
1565839815517,2019-08-14 21:30:15,24.0,{}
1565841614932,2019-08-14 22:00:14,23.6,{}
1565843415175,2019-08-14 22:30:15,23.4,{}
1565845214428,2019-08-14 23:00:14,23.2,{}
1565847014318,2019-08-14 23:30:14,22.9,{}
1565848815525,2019-08-15 00:00:15,22.7,{}
1565850614894,2019-08-15 00:30:14,22.5,{}
1565852416814,2019-08-15 01:00:16,22.2,{}
1565854213188,2019-08-15 01:30:13,22.0,{}
1565857816269,2019-08-15 02:30:16,21.6,{}
1565859613801,2019-08-15 03:00:13,21.3,{}
1565861416347,2019-08-15 03:30:16,21.1,{}
1565863213565,2019-08-15 04:00:13,20.9,{}
1565865015379,2019-08-15 04:30:15,20.7,{}
1565866816285,2019-08-15 05:00:16,20.5,{}
1565872214525,2019-08-15 06:30:14,19.9,{}
1565874016167,2019-08-15 07:00:16,19.8,{}
1565875815409,2019-08-15 07:30:15,19.7,{}
1565879415712,2019-08-15 08:30:15,19.7,{}
1565881214037,2019-08-15 09:00:14,19.8,{}
1565883014996,2019-08-15 09:30:14,20.0,{}
1565884814124,2019-08-15 10:00:14,21.6,{}
1565886615449,2019-08-15 10:30:15,23.0,{}
1565888415001,2019-08-15 11:00:15,24.3,{}
1565890215773,2019-08-15 11:30:15,25.4,{}
1565892015052,2019-08-15 12:00:15,26.4,{}
1565893814932,2019-08-15 12:30:14,27.1,{}
1565895614658,2019-08-15 13:00:14,27.7,{}
1565897414515,2019-08-15 13:30:14,28.3,{}
1565899215688,2019-08-15 14:00:15,28.5,{}
1565901016762,2019-08-15 14:30:16,28.5,{}
1565902815150,2019-08-15 15:00:15,28.7,{}
1565904613278,2019-08-15 15:30:13,28.4,{}
1565906415671,2019-08-15 16:00:15,28.1,{}
1565908215378,2019-08-15 16:30:15,27.8,{}
1565910014199,2019-08-15 17:00:14,27.6,{}
1565911815306,2019-08-15 17:30:15,27.4,{}
1565913613354,2019-08-15 18:00:13,26.8,{}
1565915413293,2019-08-15 18:30:13,26.3,{}
1565917215528,2019-08-15 19:00:15,25.7,{}
1565919014326,2019-08-15 19:30:14,25.3,{}
1565920815167,2019-08-15 20:00:15,24.8,{}
1565922613104,2019-08-15 20:30:13,24.4,{}
1565924414375,2019-08-15 21:00:14,24.1,{}
1565929816658,2019-08-15 22:30:16,23.1,{}
1565931612686,2019-08-15 23:00:12,22.9,{}
1565933414979,2019-08-15 23:30:14,22.7,{}
1565935213501,2019-08-16 00:00:13,22.5,{}
1565937016160,2019-08-16 00:30:16,22.2,{}
1565938814905,2019-08-16 01:00:14,22.0,{}
1565940615306,2019-08-16 01:30:15,21.8,{}
1565942415609,2019-08-16 02:00:15,21.5,{}
1565944215372,2019-08-16 02:30:15,21.3,{}
1565946016350,2019-08-16 03:00:16,21.0,{}
1565947814262,2019-08-16 03:30:14,20.8,{}
1565949614070,2019-08-16 04:00:14,20.6,{}
1565951416734,2019-08-16 04:30:16,20.4,{}
1565953214189,2019-08-16 05:00:14,20.2,{}
1565955015155,2019-08-16 05:30:15,20.0,{}
1565956813568,2019-08-16 06:00:13,19.9,{}
1565962216434,2019-08-16 07:30:16,19.8,{}
1565965843065,2019-08-16 08:30:43,20.2,{}
1565965845016,2019-08-16 08:30:45,20.2,{}
1565967615241,2019-08-16 09:00:15,20.5,{}
1565969415412,2019-08-16 09:30:15,20.8,{}
1565971214282,2019-08-16 10:00:14,21.2,{}
1565980215856,2019-08-16 12:30:15,27.3,{}
1565982014587,2019-08-16 13:00:14,27.3,{}
1565983814181,2019-08-16 13:30:14,27.9,{}
1565985616610,2019-08-16 14:00:16,28.1,{}
1565987413769,2019-08-16 14:30:13,28.5,{}
1565989216211,2019-08-16 15:00:16,28.9,{}
1565991013050,2019-08-16 15:30:13,29.0,{}
1565996415446,2019-08-16 17:00:15,28.2,{}
1565998216983,2019-08-16 17:30:16,27.6,{}
1566000014271,2019-08-16 18:00:14,27.3,{}
1566001815701,2019-08-16 18:30:15,26.8,{}
1566003614335,2019-08-16 19:00:14,26.3,{}
1566005413237,2019-08-16 19:30:13,25.8,{}
1566007215323,2019-08-16 20:00:15,25.4,{}
1566009014369,2019-08-16 20:30:14,24.8,{}
1566010815525,2019-08-16 21:00:15,24.4,{}
1566012615310,2019-08-16 21:30:15,24.0,{}
1566014416908,2019-08-16 22:00:16,23.7,{}
1566019816434,2019-08-16 23:30:16,22.8,{}
1566021612751,2019-08-17 00:00:12,22.5,{}
1566023416078,2019-08-17 00:30:16,22.2,{}
1566027015821,2019-08-17 01:30:15,21.6,{}
1566028815475,2019-08-17 02:00:15,21.4,{}
1566030613499,2019-08-17 02:30:13,21.1,{}
1566032414299,2019-08-17 03:00:14,20.8,{}
1566034214113,2019-08-17 03:30:14,20.6,{}
1566036015458,2019-08-17 04:00:15,20.4,{}
1566037814122,2019-08-17 04:30:14,20.1,{}
1566039614800,2019-08-17 05:00:14,19.9,{}
1566041416833,2019-08-17 05:30:16,19.7,{}
1566043213676,2019-08-17 06:00:13,19.5,{}
1566045015447,2019-08-17 06:30:15,19.4,{}
1566046816114,2019-08-17 07:00:16,19.3,{}
1566048615275,2019-08-17 07:30:15,19.3,{}
1566050415118,2019-08-17 08:00:15,19.4,{}
1566052216195,2019-08-17 08:30:16,19.6,{}
1566054015388,2019-08-17 09:00:15,20.0,{}
1566055813824,2019-08-17 09:30:13,20.3,{}
1566059415181,2019-08-17 10:30:15,20.8,{}
1566061214352,2019-08-17 11:00:14,20.8,{}
1566063013131,2019-08-17 11:30:13,20.7,{}
1566064814372,2019-08-17 12:00:14,20.6,{}
1566066615746,2019-08-17 12:30:15,21.3,{}
1566068414314,2019-08-17 13:00:14,22.4,{}
1566070215148,2019-08-17 13:30:15,23.7,{}
1566072014065,2019-08-17 14:00:14,24.6,{}
1566073814846,2019-08-17 14:30:14,24.1,{}
1566075615545,2019-08-17 15:00:15,24.0,{}
1566081015637,2019-08-17 16:30:15,23.4,{}
1566082815309,2019-08-17 17:00:15,23.2,{}
1566084614573,2019-08-17 17:30:14,23.4,{}
1566086414057,2019-08-17 18:00:14,23.5,{}
1566091815983,2019-08-17 19:30:15,22.3,{}
1566093613359,2019-08-17 20:00:13,22.0,{}
1566095413714,2019-08-17 20:30:13,21.8,{}
1566097214864,2019-08-17 21:00:14,21.5,{}
1566099013157,2019-08-17 21:30:13,21.3,{}
1566100815489,2019-08-17 22:00:15,21.2,{}
1566102614563,2019-08-17 22:30:14,21.0,{}
1566104417684,2019-08-17 23:00:17,20.8,{}
1566106213586,2019-08-17 23:30:13,20.5,{}
1566108013872,2019-08-18 00:00:13,20.2,{}
1566109816132,2019-08-18 00:30:16,20.0,{}
1566111612744,2019-08-18 01:00:12,19.7,{}
1566113415292,2019-08-18 01:30:15,19.5,{}
1566115215318,2019-08-18 02:00:15,19.2,{}
1566117016337,2019-08-18 02:30:16,19.0,{}
1566118814495,2019-08-18 03:00:14,18.8,{}
1566120612446,2019-08-18 03:30:12,18.6,{}
1566122415947,2019-08-18 04:00:15,18.4,{}
1566124214532,2019-08-18 04:30:14,18.2,{}
1566126017034,2019-08-18 05:00:17,18.0,{}
1566127815525,2019-08-18 05:30:15,18.1,{}
1566129615906,2019-08-18 06:00:15,18.2,{}
1566131415330,2019-08-18 06:30:15,18.4,{}
1566133215231,2019-08-18 07:00:15,18.5,{}
1566135016826,2019-08-18 07:30:16,18.6,{}
1566136813584,2019-08-18 08:00:13,18.7,{}
1566138614670,2019-08-18 08:30:14,18.9,{}
1566140415346,2019-08-18 09:00:15,19.0,{}
1566142213312,2019-08-18 09:30:13,19.2,{}
1566144015789,2019-08-18 10:00:15,19.4,{}
1566145814936,2019-08-18 10:30:14,19.7,{}
1566147616287,2019-08-18 11:00:16,20.1,{}
1566149412518,2019-08-18 11:30:12,21.9,{}
1566151223873,2019-08-18 12:00:23,23.3,{}
1566153015510,2019-08-18 12:30:15,24.5,{}
1566154813437,2019-08-18 13:00:13,25.5,{}
1566156615758,2019-08-18 13:30:15,26.4,{}
1566158413538,2019-08-18 14:00:13,27.0,{}
1566160215937,2019-08-18 14:30:15,27.3,{}
1566162013680,2019-08-18 15:00:13,27.7,{}
1566167414956,2019-08-18 16:30:14,27.5,{}
1566169214812,2019-08-18 17:00:14,27.2,{}
1566171016956,2019-08-18 17:30:16,26.9,{}
1566172816134,2019-08-18 18:00:16,26.4,{}
1566174615088,2019-08-18 18:30:15,25.8,{}
1566176413487,2019-08-18 19:00:13,25.3,{}
1566178215858,2019-08-18 19:30:15,24.8,{}
1566180013957,2019-08-18 20:00:13,24.3,{}
1566181816919,2019-08-18 20:30:16,23.8,{}
1566183613815,2019-08-18 21:00:13,23.4,{}
1566185414888,2019-08-18 21:30:14,22.9,{}
1566187215272,2019-08-18 22:00:15,22.6,{}
1566189013378,2019-08-18 22:30:13,22.3,{}
1566190814897,2019-08-18 23:00:14,22.0,{}
1566192614003,2019-08-18 23:30:14,21.7,{}
1566194415517,2019-08-19 00:00:15,21.4,{}
1566196215306,2019-08-19 00:30:15,21.2,{}
1566198014383,2019-08-19 01:00:14,20.9,{}
1566199815950,2019-08-19 01:30:15,20.7,{}
1566201614647,2019-08-19 02:00:14,20.3,{}
1566203441724,2019-08-19 02:30:41,20.0,{}
1566205216014,2019-08-19 03:00:16,19.7,{}
1566210616954,2019-08-19 04:30:16,19.0,{}
1566214215494,2019-08-19 05:30:15,18.7,{}
1566216014772,2019-08-19 06:00:14,18.5,{}
1566217812860,2019-08-19 06:30:12,18.3,{}
1566219615475,2019-08-19 07:00:15,18.2,{}
1566221413248,2019-08-19 07:30:13,18.0,{}
1566223213268,2019-08-19 08:00:13,17.6,{}
1566225015613,2019-08-19 08:30:15,17.6,{}
1566226815010,2019-08-19 09:00:15,17.8,{}
1566228615927,2019-08-19 09:30:15,18.2,{}
1566230414185,2019-08-19 10:00:14,19.9,{}
1566232214021,2019-08-19 10:30:14,21.7,{}
1566234015146,2019-08-19 11:00:15,23.2,{}
1566235818265,2019-08-19 11:30:18,24.4,{}
1566237615454,2019-08-19 12:00:15,25.5,{}
1566239414273,2019-08-19 12:30:14,26.4,{}
1566241216804,2019-08-19 13:00:16,27.3,{}
1566243016088,2019-08-19 13:30:16,27.7,{}
1566244812683,2019-08-19 14:00:12,28.6,{}
1566246615133,2019-08-19 14:30:15,28.7,{}
1566248415130,2019-08-19 15:00:15,28.6,{}
1566250215126,2019-08-19 15:30:15,28.4,{}
1566252013688,2019-08-19 16:00:13,28.1,{}
1566257416251,2019-08-19 17:30:16,27.0,{}
1566259216235,2019-08-19 18:00:16,26.7,{}
1566261014518,2019-08-19 18:30:14,26.2,{}
1566262814805,2019-08-19 19:00:14,25.9,{}
1566264613085,2019-08-19 19:30:13,25.5,{}
1566266415188,2019-08-19 20:00:15,24.9,{}
1566268215115,2019-08-19 20:30:15,24.5,{}
1566270015178,2019-08-19 21:00:15,24.1,{}
1566271815177,2019-08-19 21:30:15,23.8,{}
1566273614018,2019-08-19 22:00:14,23.5,{}
1566275414843,2019-08-19 22:30:14,23.2,{}
1566277213188,2019-08-19 23:00:13,22.9,{}
1566279014713,2019-08-19 23:30:14,22.7,{}
1566280813934,2019-08-20 00:00:13,22.4,{}
1566282613137,2019-08-20 00:30:13,22.1,{}
1566284416298,2019-08-20 01:00:16,21.9,{}
1566286213361,2019-08-20 01:30:13,21.6,{}
1566288013402,2019-08-20 02:00:13,21.4,{}
1566289815249,2019-08-20 02:30:15,21.2,{}
1566291613567,2019-08-20 03:00:13,20.8,{}
1566293414464,2019-08-20 03:30:14,20.5,{}
1566295215106,2019-08-20 04:00:15,20.3,{}
1566297016574,2019-08-20 04:30:16,20.2,{}
1566298813466,2019-08-20 05:00:13,20.1,{}
1566300614450,2019-08-20 05:30:14,20.0,{}
1566302416958,2019-08-20 06:00:16,19.9,{}
1566304214278,2019-08-20 06:30:14,19.7,{}
1566306015567,2019-08-20 07:00:15,19.7,{}
1566307815513,2019-08-20 07:30:15,19.7,{}
1566309624456,2019-08-20 08:00:24,19.8,{}
1566311415470,2019-08-20 08:30:15,19.9,{}
1566313215224,2019-08-20 09:00:15,20.0,{}
1566315014292,2019-08-20 09:30:14,20.2,{}
1566316814274,2019-08-20 10:00:14,21.8,{}
1566318615319,2019-08-20 10:30:15,23.3,{}
1566320413237,2019-08-20 11:00:13,24.7,{}
1566322213962,2019-08-20 11:30:13,25.8,{}
1566324038286,2019-08-20 12:00:38,26.9,{}
1566329414991,2019-08-20 13:30:14,28.6,{}
1566331215396,2019-08-20 14:00:15,28.5,{}
1566333014486,2019-08-20 14:30:14,28.2,{}
1566334816170,2019-08-20 15:00:16,28.4,{}
1566336616947,2019-08-20 15:30:16,28.7,{}
1566338414110,2019-08-20 16:00:14,28.4,{}
1566340216226,2019-08-20 16:30:16,28.3,{}
1566342034864,2019-08-20 17:00:34,27.5,{}
1566347414729,2019-08-20 18:30:14,26.4,{}
1566349214725,2019-08-20 19:00:14,25.9,{}
1566351015781,2019-08-20 19:30:15,25.6,{}
1566352815000,2019-08-20 20:00:15,25.2,{}
1566354614259,2019-08-20 20:30:14,24.9,{}
1566356414175,2019-08-20 21:00:14,24.5,{}
1566358216551,2019-08-20 21:30:16,24.2,{}
1566360013696,2019-08-20 22:00:13,24.0,{}
1566361816566,2019-08-20 22:30:16,23.8,{}
1566363612994,2019-08-20 23:00:12,23.5,{}
1566365414277,2019-08-20 23:30:14,23.3,{}
1566367215372,2019-08-21 00:00:15,23.0,{}
1566369014924,2019-08-21 00:30:14,22.8,{}
1566370816457,2019-08-21 01:00:16,22.7,{}
1566372612823,2019-08-21 01:30:12,22.5,{}
1566374416242,2019-08-21 02:00:16,22.4,{}
1566376213614,2019-08-21 02:30:13,22.2,{}
1566378014182,2019-08-21 03:00:14,21.8,{}
1566379813942,2019-08-21 03:30:13,21.6,{}
1566381615062,2019-08-21 04:00:15,21.5,{}
1566383416914,2019-08-21 04:30:16,21.5,{}
1566385214325,2019-08-21 05:00:14,21.4,{}
1566387015355,2019-08-21 05:30:15,21.4,{}
1566388815101,2019-08-21 06:00:15,21.3,{}
1566390614636,2019-08-21 06:30:14,21.3,{}
1566392415210,2019-08-21 07:00:15,21.3,{}
1566394214092,2019-08-21 07:30:14,21.2,{}
1566396015359,2019-08-21 08:00:15,21.2,{}
1566397813794,2019-08-21 08:30:13,21.2,{}
1566399614634,2019-08-21 09:00:14,21.4,{}
1566401415092,2019-08-21 09:30:15,21.6,{}
1566403214981,2019-08-21 10:00:14,22.3,{}
1566405014790,2019-08-21 10:30:14,23.4,{}
1566406813576,2019-08-21 11:00:13,24.2,{}
1566408615628,2019-08-21 11:30:15,25.4,{}
1566410414200,2019-08-21 12:00:14,26.3,{}
1566412213635,2019-08-21 12:30:13,27.1,{}
1566414014950,2019-08-21 13:00:14,27.8,{}
1566415813528,2019-08-21 13:30:13,28.1,{}
1566417615478,2019-08-21 14:00:15,28.3,{}
1566419413676,2019-08-21 14:30:13,28.1,{}
1566424816217,2019-08-21 16:00:16,26.3,{}
1566426616484,2019-08-21 16:30:16,25.8,{}
1566428413711,2019-08-21 17:00:13,25.6,{}
1566430214362,2019-08-21 17:30:14,25.4,{}
1566432014301,2019-08-21 18:00:14,24.9,{}
1566433816977,2019-08-21 18:30:16,24.7,{}
1566435613749,2019-08-21 19:00:13,24.6,{}
1566437414686,2019-08-21 19:30:14,24.5,{}
1566439216633,2019-08-21 20:00:16,24.1,{}
1566441013462,2019-08-21 20:30:13,23.8,{}
1566442815316,2019-08-21 21:00:15,23.7,{}
1566448214488,2019-08-21 22:30:14,23.0,{}
1566450017333,2019-08-21 23:00:17,22.7,{}
1566451814477,2019-08-21 23:30:14,22.5,{}
1566453614184,2019-08-22 00:00:14,22.2,{}
1566455415078,2019-08-22 00:30:15,21.8,{}
1566457213523,2019-08-22 01:00:13,21.8,{}
1566459015748,2019-08-22 01:30:15,21.8,{}
1566460815724,2019-08-22 02:00:15,21.8,{}
1566462615444,2019-08-22 02:30:15,21.7,{}
1566464414740,2019-08-22 03:00:14,21.6,{}
1566466214009,2019-08-22 03:30:14,21.5,{}
1566471615005,2019-08-22 05:00:15,21.3,{}
1566473414496,2019-08-22 05:30:14,21.2,{}
1566475216185,2019-08-22 06:00:16,21.1,{}
1566475245961,2019-08-22 06:00:45,21.1,{}
1566477016832,2019-08-22 06:30:16,21.0,{}
1566478813934,2019-08-22 07:00:13,20.9,{}
1566480614932,2019-08-22 07:30:14,20.8,{}
1566482415622,2019-08-22 08:00:15,20.9,{}
1566484215281,2019-08-22 08:30:15,20.9,{}
1566486016982,2019-08-22 09:00:16,20.8,{}
1566487815817,2019-08-22 09:30:15,21.0,{}
1566489615009,2019-08-22 10:00:15,22.1,{}
1566491413571,2019-08-22 10:30:13,23.4,{}
1566493226298,2019-08-22 11:00:26,24.5,{}
1566495016749,2019-08-22 11:30:16,25.4,{}
1566496814254,2019-08-22 12:00:14,26.3,{}
1566498615300,2019-08-22 12:30:15,26.8,{}
1566500415165,2019-08-22 13:00:15,27.4,{}
1566502214656,2019-08-22 13:30:14,27.2,{}
1566504014172,2019-08-22 14:00:14,26.6,{}
1566505813945,2019-08-22 14:30:13,25.9,{}
1566507617222,2019-08-22 15:00:17,25.5,{}
1566509415572,2019-08-22 15:30:15,26.0,{}
1566511216141,2019-08-22 16:00:16,26.1,{}
1566513014785,2019-08-22 16:30:14,25.7,{}
1566514815089,2019-08-22 17:00:15,25.6,{}
1566516615392,2019-08-22 17:30:15,25.5,{}
1566518415112,2019-08-22 18:00:15,25.3,{}
1566520215135,2019-08-22 18:30:15,25.0,{}
1566522015061,2019-08-22 19:00:15,24.5,{}
1566523816029,2019-08-22 19:30:16,24.1,{}
1566525612737,2019-08-22 20:00:12,23.9,{}
1566527416106,2019-08-22 20:30:16,23.6,{}
1566529218307,2019-08-22 21:00:18,23.4,{}
1566531014725,2019-08-22 21:30:14,23.1,{}
1566532815583,2019-08-22 22:00:15,22.9,{}
1566534614038,2019-08-22 22:30:14,22.7,{}
1566536415495,2019-08-22 23:00:15,22.3,{}
1566538213106,2019-08-22 23:30:13,22.1,{}
1566540016027,2019-08-23 00:00:16,21.9,{}
1566540045602,2019-08-23 00:00:45,21.9,{}
1566541817496,2019-08-23 00:30:17,21.5,{}
1566545416215,2019-08-23 01:30:16,20.9,{}
1566545446071,2019-08-23 01:30:46,20.9,{}
1566547214615,2019-08-23 02:00:14,20.8,{}
1566549013859,2019-08-23 02:30:13,20.6,{}
1566550816583,2019-08-23 03:00:16,20.5,{}
1566552615278,2019-08-23 03:30:15,20.4,{}
1566554415623,2019-08-23 04:00:15,20.3,{}
1566556215351,2019-08-23 04:30:15,20.2,{}
1566558016183,2019-08-23 05:00:16,20.2,{}
1566559815384,2019-08-23 05:30:15,20.1,{}
1566561615514,2019-08-23 06:00:15,20.0,{}
1566563416762,2019-08-23 06:30:16,19.8,{}
1566565212967,2019-08-23 07:00:12,19.7,{}
1566567015707,2019-08-23 07:30:15,19.8,{}
1566568813530,2019-08-23 08:00:13,19.8,{}
1566570615354,2019-08-23 08:30:15,20.0,{}
1566572415991,2019-08-23 09:00:15,20.3,{}
1566574215944,2019-08-23 09:30:15,20.6,{}
1566576014852,2019-08-23 10:00:14,21.1,{}
1566577814793,2019-08-23 10:30:14,21.6,{}
1566579616419,2019-08-23 11:00:16,22.5,{}
1566581414261,2019-08-23 11:30:14,23.0,{}
1566583214625,2019-08-23 12:00:14,23.5,{}
1566585014565,2019-08-23 12:30:14,23.8,{}
1566586813640,2019-08-23 13:00:13,24.1,{}
1566588616197,2019-08-23 13:30:16,24.6,{}
1566590414545,2019-08-23 14:00:14,25.4,{}
1566592216692,2019-08-23 14:30:16,26.2,{}
1566594014504,2019-08-23 15:00:14,26.4,{}
1566595814120,2019-08-23 15:30:14,26.5,{}
1566597616530,2019-08-23 16:00:16,26.4,{}
1566599413837,2019-08-23 16:30:13,26.2,{}
1566601216729,2019-08-23 17:00:16,25.8,{}
1566603012456,2019-08-23 17:30:12,25.1,{}
1566606614612,2019-08-23 18:30:14,24.6,{}
1566608414063,2019-08-23 19:00:14,24.2,{}
1566610215589,2019-08-23 19:30:15,23.8,{}
1566612013637,2019-08-23 20:00:13,23.4,{}
1566613816206,2019-08-23 20:30:16,23.1,{}
1566615613616,2019-08-23 21:00:13,22.7,{}
1566617414695,2019-08-23 21:30:14,22.4,{}
1566619215725,2019-08-23 22:00:15,22.2,{}
1566621015078,2019-08-23 22:30:15,21.9,{}
1566622816953,2019-08-23 23:00:16,21.7,{}
1566624614309,2019-08-23 23:30:14,21.5,{}
1566630016475,2019-08-24 01:00:16,20.9,{}
1566631816106,2019-08-24 01:30:16,20.8,{}
1566633615188,2019-08-24 02:00:15,20.6,{}
1566635415464,2019-08-24 02:30:15,20.5,{}
1566637215231,2019-08-24 03:00:15,20.2,{}
1566639015928,2019-08-24 03:30:15,20.2,{}
1566640817245,2019-08-24 04:00:17,20.1,{}
1566642615325,2019-08-24 04:30:15,20.1,{}
1566644416427,2019-08-24 05:00:16,20.1,{}
1566646214621,2019-08-24 05:30:14,19.9,{}
1566648015376,2019-08-24 06:00:15,19.7,{}
1566649813991,2019-08-24 06:30:13,19.5,{}
1566651614226,2019-08-24 07:00:14,19.3,{}
1566653416291,2019-08-24 07:30:16,19.2,{}
1566655216075,2019-08-24 08:00:16,19.1,{}
1566657015688,2019-08-24 08:30:15,19.1,{}
1566660615382,2019-08-24 09:30:15,19.2,{}
1566662414133,2019-08-24 10:00:14,20.4,{}
1566664214811,2019-08-24 10:30:14,21.7,{}
1566666014880,2019-08-24 11:00:14,22.9,{}
1566667815320,2019-08-24 11:30:15,23.8,{}
1566669615558,2019-08-24 12:00:15,24.4,{}
1566671415356,2019-08-24 12:30:15,25.0,{}
1566673214570,2019-08-24 13:00:14,25.9,{}
1566675016613,2019-08-24 13:30:16,26.0,{}
1566676814513,2019-08-24 14:00:14,26.2,{}
1566678616143,2019-08-24 14:30:16,26.5,{}
1566680414699,2019-08-24 15:00:14,26.8,{}
1566682215660,2019-08-24 15:30:15,27.0,{}
1566684013038,2019-08-24 16:00:13,26.6,{}
1566685813677,2019-08-24 16:30:13,26.1,{}
1566687614837,2019-08-24 17:00:14,25.8,{}
1566689414345,2019-08-24 17:30:14,25.4,{}
1566691215503,2019-08-24 18:00:15,25.2,{}
1566693013866,2019-08-24 18:30:13,25.0,{}
1566694814092,2019-08-24 19:00:14,24.8,{}
1566696614788,2019-08-24 19:30:14,24.4,{}
1566698413170,2019-08-24 20:00:13,23.9,{}
1566700215212,2019-08-24 20:30:15,23.5,{}
1566702015128,2019-08-24 21:00:15,23.2,{}
1566703815058,2019-08-24 21:30:15,22.8,{}
1566705613647,2019-08-24 22:00:13,22.5,{}
1566707414183,2019-08-24 22:30:14,22.2,{}
1566709215096,2019-08-24 23:00:15,21.9,{}
1566711014012,2019-08-24 23:30:14,21.6,{}
1566712817042,2019-08-25 00:00:17,21.4,{}
1566714614953,2019-08-25 00:30:14,21.0,{}
1566716414609,2019-08-25 01:00:14,20.7,{}
1566718214023,2019-08-25 01:30:14,20.5,{}
1566720014745,2019-08-25 02:00:14,20.4,{}
1566721816263,2019-08-25 02:30:16,20.1,{}
1566723614069,2019-08-25 03:00:14,20.0,{}
1566725416511,2019-08-25 03:30:16,19.9,{}
1566727213960,2019-08-25 04:00:13,19.7,{}
1566729012856,2019-08-25 04:30:12,19.5,{}
1566730814869,2019-08-25 05:00:14,19.3,{}
1566732615522,2019-08-25 05:30:15,19.2,{}
1566734415723,2019-08-25 06:00:15,19.0,{}
1566736213934,2019-08-25 06:30:13,18.9,{}
1566738014944,2019-08-25 07:00:14,18.8,{}
1566738044838,2019-08-25 07:00:44,18.8,{}
1566738075073,2019-08-25 07:01:15,18.8,{}
1566743416268,2019-08-25 08:30:16,18.9,{}
1566745213858,2019-08-25 09:00:13,18.9,{}
1566747015350,2019-08-25 09:30:15,19.0,{}
1566747045228,2019-08-25 09:30:45,19.0,{}
1566748814196,2019-08-25 10:00:14,20.4,{}
1566750615185,2019-08-25 10:30:15,21.9,{}
1566754219619,2019-08-25 11:30:19,24.6,{}
1566756022481,2019-08-25 12:00:22,25.5,{}
1566756052401,2019-08-25 12:00:52,25.5,{}
1566761414629,2019-08-25 13:30:14,28.2,{}
1566763213649,2019-08-25 14:00:13,28.8,{}
1566765017962,2019-08-25 14:30:17,28.9,{}
1566765046400,2019-08-25 14:30:46,28.9,{}
1566765076364,2019-08-25 14:31:16,28.9,{}
1566768621483,2019-08-25 15:30:21,28.1,{}
1566770418506,2019-08-25 16:00:18,27.7,{}
1566772220032,2019-08-25 16:30:20,27.2,{}
1566774019182,2019-08-25 17:00:19,26.6,{}
1566775818161,2019-08-25 17:30:18,26.2,{}
1566777622201,2019-08-25 18:00:22,26.0,{}
1566779419707,2019-08-25 18:30:19,25.5,{}
1566781220644,2019-08-25 19:00:20,25.0,{}
1566783017805,2019-08-25 19:30:17,24.6,{}
1566784826791,2019-08-25 20:00:26,24.2,{}
1566786618466,2019-08-25 20:30:18,23.9,{}
1566788417982,2019-08-25 21:00:17,23.5,{}
1566790219622,2019-08-25 21:30:19,23.2,{}
1566793817114,2019-08-25 22:30:17,22.6,{}
1566797416739,2019-08-25 23:30:16,22.1,{}
1566799214871,2019-08-26 00:00:14,21.9,{}
1566801014022,2019-08-26 00:30:14,21.6,{}
1566801044730,2019-08-26 00:30:44,21.6,{}
1566801073749,2019-08-26 00:31:13,21.6,{}
1566804615613,2019-08-26 01:30:15,21.2,{}
1566808215878,2019-08-26 02:30:15,20.8,{}
1566808245195,2019-08-26 02:30:45,20.8,{}
1566819016099,2019-08-26 05:30:16,19.2,{}
1566820813751,2019-08-26 06:00:13,19.1,{}
1566822613947,2019-08-26 06:30:13,19.0,{}
1566822643771,2019-08-26 06:30:43,19.0,{}
1566822673722,2019-08-26 06:31:13,19.0,{}
1566829816468,2019-08-26 08:30:16,18.7,{}
1566833414840,2019-08-26 09:30:14,18.8,{}
1566833445054,2019-08-26 09:30:45,18.8,{}
1566833474756,2019-08-26 09:31:14,18.8,{}
1566837042193,2019-08-26 10:30:42,21.1,{}
1566838813758,2019-08-26 11:00:13,21.9,{}
1566840615369,2019-08-26 11:30:15,23.0,{}
1566842414390,2019-08-26 12:00:14,23.7,{}
1566844214145,2019-08-26 12:30:14,24.0,{}
1566846015161,2019-08-26 13:00:15,24.1,{}
1566847815256,2019-08-26 13:30:15,24.4,{}
1566847844748,2019-08-26 13:30:44,24.4,{}
1566851416271,2019-08-26 14:30:16,25.5,{}
1566851446288,2019-08-26 14:30:46,25.5,{}
1566853214052,2019-08-26 15:00:14,25.9,{}
1566855014168,2019-08-26 15:30:14,25.8,{}
1566856814651,2019-08-26 16:00:14,25.5,{}
1566858615314,2019-08-26 16:30:15,25.1,{}
1566860413534,2019-08-26 17:00:13,25.0,{}
1566862215335,2019-08-26 17:30:15,24.6,{}
1566864012925,2019-08-26 18:00:12,24.3,{}
1566865835642,2019-08-26 18:30:35,23.8,{}
1566869415900,2019-08-26 19:30:15,23.1,{}
1566871214675,2019-08-26 20:00:14,22.8,{}
1566873014127,2019-08-26 20:30:14,22.5,{}
1566874814746,2019-08-26 21:00:14,22.2,{}
1566876614469,2019-08-26 21:30:14,21.9,{}
1566878428053,2019-08-26 22:00:28,21.6,{}
1566880216035,2019-08-26 22:30:16,21.3,{}
1566882013481,2019-08-26 23:00:13,21.1,{}
1566883816225,2019-08-26 23:30:16,21.0,{}
1566885613404,2019-08-27 00:00:13,20.7,{}
1566887415736,2019-08-27 00:30:15,20.5,{}
1566889214850,2019-08-27 01:00:14,20.2,{}
1566891013734,2019-08-27 01:30:13,20.0,{}
1566892814946,2019-08-27 02:00:14,19.8,{}
1566894614913,2019-08-27 02:30:14,19.6,{}
1566896415161,2019-08-27 03:00:15,19.5,{}
1566898214696,2019-08-27 03:30:14,19.4,{}
1566900014009,2019-08-27 04:00:14,19.4,{}
1566901816396,2019-08-27 04:30:16,19.3,{}
1566903613238,2019-08-27 05:00:13,19.3,{}
1566905416650,2019-08-27 05:30:16,19.3,{}
1566909015112,2019-08-27 06:30:15,19.3,{}
1566910813050,2019-08-27 07:00:13,19.2,{}
1566912614480,2019-08-27 07:30:14,19.2,{}
1566914419683,2019-08-27 08:00:19,19.3,{}
1566916213038,2019-08-27 08:30:13,19.5,{}
1566918015966,2019-08-27 09:00:15,19.6,{}
1566919814810,2019-08-27 09:30:14,19.8,{}
1566921615512,2019-08-27 10:00:15,20.6,{}
1566923427326,2019-08-27 10:30:27,21.8,{}
1566925214321,2019-08-27 11:00:14,22.5,{}
1566927015883,2019-08-27 11:30:15,23.5,{}
1566928813946,2019-08-27 12:00:13,24.4,{}
1566930615347,2019-08-27 12:30:15,24.9,{}
