Timestamp,Human readable date,e00fce6872359b9131374b7c_ec-5-calibrated,context_e00fce6872359b9131374b7c_ec-5-calibrated,e00fce6872359b9131374b7c_ec-5-sm4-calibrated,context_e00fce6872359b9131374b7c_ec-5-sm4-calibrated
1564466415101,2019-07-30 00:00:15,26.107999999999993,{},24.001999999999995,{}
1564468214471,2019-07-30 00:30:14,26.407999999999994,{},24.06799999999999,{}
1564470015795,2019-07-30 01:00:15,25.72399999999999,{},23.929999999999996,{}
1564471813129,2019-07-30 01:30:13,26.252,{},24.127999999999993,{}
1564473612800,2019-07-30 02:00:12,26.119999999999994,{},26.155999999999995,{}
1564475416301,2019-07-30 02:30:16,26.71399999999999,{},26.455999999999996,{}
1564479014905,2019-07-30 03:30:14,27.451999999999998,{},26.61799999999999,{}
1564480815422,2019-07-30 04:00:15,27.355999999999998,{},26.857999999999993,{}
1564482612947,2019-07-30 04:30:12,27.242,{},26.929999999999993,{}
1564484414718,2019-07-30 05:00:14,26.845999999999997,{},26.521999999999995,{}
1564486214906,2019-07-30 05:30:14,27.229999999999993,{},26.419999999999995,{}
1564488016135,2019-07-30 06:00:16,28.189999999999994,{},26.336,{}
1564489814781,2019-07-30 06:30:14,26.965999999999994,{},26.192,{}
1564491616050,2019-07-30 07:00:16,27.379999999999992,{},25.903999999999993,{}
1564497015236,2019-07-30 08:30:15,27.025999999999996,{},26.02399999999999,{}
1564498815933,2019-07-30 09:00:15,27.355999999999998,{},26.192,{}
1564500615023,2019-07-30 09:30:15,28.04,{},26.32399999999999,{}
1564502413819,2019-07-30 10:00:13,26.98999999999999,{},26.28799999999999,{}
1564506016577,2019-07-30 11:00:16,27.109999999999996,{},25.892,{}
1564507816794,2019-07-30 11:30:16,27.60799999999999,{},25.975999999999992,{}
1564509618553,2019-07-30 12:00:18,27.302,{},26.336,{}
1564511418904,2019-07-30 12:30:18,27.265999999999995,{},25.11799999999999,{}
1564513217667,2019-07-30 13:00:17,27.895999999999997,{},25.561999999999998,{}
1564515020855,2019-07-30 13:30:20,26.491999999999997,{},24.926,{}
1564516820749,2019-07-30 14:00:20,26.749999999999996,{},25.105999999999995,{}
1564518618547,2019-07-30 14:30:18,27.253999999999994,{},24.295999999999996,{}
1564520416192,2019-07-30 15:00:16,26.545999999999996,{},24.25999999999999,{}
1564524034189,2019-07-30 16:00:34,26.119999999999994,{},23.413999999999994,{}
1564525814563,2019-07-30 16:30:14,26.491999999999997,{},23.55799999999999,{}
1564527614222,2019-07-30 17:00:14,25.489999999999995,{},22.652,{}
1564529412426,2019-07-30 17:30:12,26.011999999999997,{},22.927999999999994,{}
1564531216146,2019-07-30 18:00:16,25.975999999999992,{},22.261999999999997,{}
1564533015542,2019-07-30 18:30:15,25.807999999999993,{},22.29799999999999,{}
1564534815304,2019-07-30 19:00:15,25.819999999999993,{},22.507999999999996,{}
1564536613944,2019-07-30 19:30:13,25.322,{},22.165999999999997,{}
1564538415603,2019-07-30 20:00:15,25.549999999999994,{},22.177999999999994,{}
1564540212247,2019-07-30 20:30:12,26.035999999999998,{},22.44799999999999,{}
1564542014746,2019-07-30 21:00:14,25.165999999999993,{},21.73399999999999,{}
1564543815288,2019-07-30 21:30:15,25.141999999999996,{},21.307999999999993,{}
1564545613769,2019-07-30 22:00:13,25.285999999999998,{},21.127999999999993,{}
1564547415711,2019-07-30 22:30:15,24.847999999999992,{},21.451999999999998,{}
1564549214187,2019-07-30 23:00:14,25.369999999999994,{},21.559999999999995,{}
1564551014456,2019-07-30 23:30:14,24.91399999999999,{},21.48799999999999,{}
1564552814692,2019-07-31 00:00:14,25.17799999999999,{},21.103999999999996,{}
1564554613564,2019-07-31 00:30:13,24.91399999999999,{},20.875999999999994,{}
1564556415527,2019-07-31 01:00:15,25.27399999999999,{},20.863999999999994,{}
1564558215111,2019-07-31 01:30:15,25.081999999999997,{},20.593999999999994,{}
1564560015822,2019-07-31 02:00:15,24.97399999999999,{},21.163999999999994,{}
1564561814473,2019-07-31 02:30:14,24.60799999999999,{},21.223999999999993,{}
1564563613504,2019-07-31 03:00:13,24.985999999999997,{},20.996,{}
1564565416316,2019-07-31 03:30:16,24.283999999999995,{},20.959999999999994,{}
1564567215909,2019-07-31 04:00:15,24.367999999999988,{},21.139999999999997,{}
1564569014570,2019-07-31 04:30:14,24.595999999999997,{},20.61799999999999,{}
1564570814482,2019-07-31 05:00:14,24.30799999999999,{},20.497999999999994,{}
1564572625968,2019-07-31 05:30:25,24.961999999999996,{},21.079999999999995,{}
1564574414815,2019-07-31 06:00:14,24.283999999999995,{},20.701999999999998,{}
1564576213231,2019-07-31 06:30:13,24.343999999999994,{},20.629999999999992,{}
1564578017558,2019-07-31 07:00:17,24.631999999999998,{},20.293999999999997,{}
1564579814134,2019-07-31 07:30:14,25.033999999999995,{},20.803999999999995,{}
1564581616577,2019-07-31 08:00:16,24.727999999999994,{},20.257999999999992,{}
1564583413174,2019-07-31 08:30:13,25.009999999999994,{},19.96999999999999,{}
1564585214074,2019-07-31 09:00:14,24.66799999999999,{},20.437999999999995,{}
1564587015725,2019-07-31 09:30:15,24.176,{},20.37799999999999,{}
1564588812617,2019-07-31 10:00:12,24.511999999999993,{},19.993999999999996,{}
1564590614871,2019-07-31 10:30:14,24.355999999999995,{},19.603999999999992,{}
1564592412754,2019-07-31 11:00:12,24.655999999999995,{},19.56799999999999,{}
1564594215454,2019-07-31 11:30:15,24.199999999999992,{},19.399999999999995,{}
1564596012639,2019-07-31 12:00:12,23.773999999999994,{},20.029999999999998,{}
1564597815148,2019-07-31 12:30:15,23.449999999999992,{},19.663999999999994,{}
1564599615625,2019-07-31 13:00:15,23.341999999999995,{},19.327999999999996,{}
1564601414726,2019-07-31 13:30:14,23.191999999999997,{},19.243999999999993,{}
1564603214487,2019-07-31 14:00:14,22.555999999999997,{},18.842,{}
1564605013634,2019-07-31 14:30:13,22.495999999999995,{},19.423999999999992,{}
1564606814311,2019-07-31 15:00:14,22.987999999999992,{},18.223999999999997,{}
1564608613257,2019-07-31 15:30:13,22.639999999999993,{},18.55399999999999,{}
1564610414248,2019-07-31 16:00:14,22.555999999999997,{},18.325999999999997,{}
1564612215543,2019-07-31 16:30:15,21.63799999999999,{},18.45799999999999,{}
1564614013505,2019-07-31 17:00:13,21.913999999999994,{},18.277999999999995,{}
1564615814957,2019-07-31 17:30:14,21.42799999999999,{},17.659999999999997,{}
1564617614450,2019-07-31 18:00:14,20.791999999999998,{},17.612,{}
1564619414264,2019-07-31 18:30:14,21.031999999999996,{},18.043999999999993,{}
1564621215615,2019-07-31 19:00:15,21.685999999999993,{},17.719999999999995,{}
1564623013874,2019-07-31 19:30:13,21.163999999999994,{},17.575999999999997,{}
1564624814514,2019-07-31 20:00:14,21.602,{},17.269999999999996,{}
1564626614435,2019-07-31 20:30:14,21.019999999999996,{},17.293999999999993,{}
1564628415343,2019-07-31 21:00:15,21.392,{},17.539999999999996,{}
1564630214838,2019-07-31 21:30:14,21.031999999999996,{},18.067999999999994,{}
1564632015334,2019-07-31 22:00:15,20.971999999999998,{},16.802,{}
1564633815706,2019-07-31 22:30:15,20.899999999999995,{},17.563999999999997,{}
1564635613237,2019-07-31 23:00:13,21.259999999999994,{},17.389999999999993,{}
1564637416085,2019-07-31 23:30:16,20.73799999999999,{},16.555999999999997,{}
1564639213166,2019-08-01 00:00:13,20.839999999999996,{},16.849999999999994,{}
1564641014014,2019-08-01 00:30:14,20.342,{},16.766,{}
1564642815617,2019-08-01 01:00:15,20.755999999999997,{},17.066,{}
1564644613057,2019-08-01 01:30:13,20.959999999999994,{},17.281999999999996,{}
1564646415419,2019-08-01 02:00:15,20.557999999999993,{},16.44799999999999,{}
1564648214971,2019-08-01 02:30:14,20.041999999999998,{},16.567999999999994,{}
1564650015234,2019-08-01 03:00:15,19.96999999999999,{},17.269999999999996,{}
1564651814434,2019-08-01 03:30:14,20.449999999999996,{},16.645999999999994,{}
1564653614600,2019-08-01 04:00:14,20.209999999999994,{},16.579999999999995,{}
1564655414659,2019-08-01 04:30:14,20.125999999999994,{},16.292,{}
1564657213445,2019-08-01 05:00:13,20.971999999999998,{},16.591999999999995,{}
1564659014781,2019-08-01 05:30:14,19.699999999999996,{},16.579999999999995,{}
1564660814725,2019-08-01 06:00:14,20.173999999999992,{},16.633999999999993,{}
1564662614678,2019-08-01 06:30:14,20.413999999999994,{},16.423999999999992,{}
1564664414803,2019-08-01 07:00:14,20.923999999999992,{},16.567999999999994,{}
1564666215292,2019-08-01 07:30:15,20.282,{},16.4,{}
1564668015515,2019-08-01 08:00:15,20.113999999999994,{},16.507999999999996,{}
1564669814116,2019-08-01 08:30:14,20.282,{},16.279999999999994,{}
1564671615781,2019-08-01 09:00:15,20.161999999999995,{},16.02799999999999,{}
1564673415416,2019-08-01 09:30:15,20.282,{},16.471999999999998,{}
1564675212806,2019-08-01 10:00:12,20.113999999999994,{},16.423999999999992,{}
1564677016044,2019-08-01 10:30:16,20.546,{},16.681999999999995,{}
1564678815516,2019-08-01 11:00:15,20.149999999999995,{},16.303999999999995,{}
1564680615457,2019-08-01 11:30:15,20.725999999999996,{},16.693999999999992,{}
1564682416269,2019-08-01 12:00:16,20.851999999999997,{},16.957999999999995,{}
1564684214682,2019-08-01 12:30:14,20.996,{},16.519999999999996,{}
1564686013139,2019-08-01 13:00:13,20.089999999999996,{},16.38799999999999,{}
1564687814775,2019-08-01 13:30:14,19.543999999999993,{},16.483999999999995,{}
1564689615092,2019-08-01 14:00:15,19.255999999999997,{},15.931999999999997,{}
1564691413815,2019-08-01 14:30:13,19.771999999999995,{},15.835999999999995,{}
1564693217097,2019-08-01 15:00:17,19.676,{},16.849999999999994,{}
1564695013606,2019-08-01 15:30:13,19.615999999999996,{},16.423999999999992,{}
1564696814799,2019-08-01 16:00:14,19.519999999999992,{},16.741999999999997,{}
1564698614119,2019-08-01 16:30:14,19.96999999999999,{},15.709999999999996,{}
1564700415184,2019-08-01 17:00:15,19.711999999999996,{},16.412,{}
1564702215007,2019-08-01 17:30:15,19.21999999999999,{},16.315999999999995,{}
1564704014748,2019-08-01 18:00:14,19.069999999999993,{},16.591999999999995,{}
1564705814209,2019-08-01 18:30:14,19.057999999999993,{},15.781999999999996,{}
1564707614539,2019-08-01 19:00:14,19.159999999999993,{},15.823999999999995,{}
1564709413405,2019-08-01 19:30:13,19.232,{},16.02799999999999,{}
1564711215144,2019-08-01 20:00:15,18.673999999999996,{},16.016,{}
1564713013391,2019-08-01 20:30:13,19.057999999999993,{},16.195999999999998,{}
1564714815499,2019-08-01 21:00:15,18.176,{},15.565999999999997,{}
1564716613818,2019-08-01 21:30:13,19.123999999999995,{},16.507999999999996,{}
1564718416145,2019-08-01 22:00:16,18.47,{},15.457999999999995,{}
1564720213603,2019-08-01 22:30:13,18.926,{},15.883999999999993,{}
1564722013209,2019-08-01 23:00:13,18.24799999999999,{},16.123999999999995,{}
1564723815632,2019-08-01 23:30:15,19.033999999999995,{},15.979999999999993,{}
1564725613835,2019-08-02 00:00:13,18.397999999999993,{},15.709999999999996,{}
1564727414983,2019-08-02 00:30:14,18.853999999999992,{},15.733999999999993,{}
1564729214195,2019-08-02 01:00:14,18.092,{},16.052,{}
1564731007947,2019-08-02 01:30:07,18.973999999999997,{},15.781999999999996,{}
1564732813487,2019-08-02 02:00:13,18.697999999999993,{},16.327999999999992,{}
1564734613739,2019-08-02 02:30:13,19.339999999999996,{},15.835999999999995,{}
1564736414426,2019-08-02 03:00:14,18.24799999999999,{},15.823999999999995,{}
1564738214475,2019-08-02 03:30:14,18.61399999999999,{},15.601999999999999,{}
1564740016570,2019-08-02 04:00:16,18.51799999999999,{},15.565999999999997,{}
1564741815113,2019-08-02 04:30:15,18.505999999999993,{},15.613999999999994,{}
1564743614921,2019-08-02 05:00:14,18.973999999999997,{},15.013999999999994,{}
1564745414679,2019-08-02 05:30:14,17.995999999999995,{},14.815999999999995,{}
1564747213135,2019-08-02 06:00:13,18.349999999999994,{},15.445999999999998,{}
1564749015862,2019-08-02 06:30:15,17.935999999999996,{},15.157999999999994,{}
1564750814143,2019-08-02 07:00:14,18.055999999999994,{},15.325999999999995,{}
1564752615390,2019-08-02 07:30:15,18.007999999999992,{},15.931999999999997,{}
1564754414313,2019-08-02 08:00:14,18.589999999999996,{},15.421999999999997,{}
1564756213352,2019-08-02 08:30:13,17.827999999999992,{},15.943999999999992,{}
1564758014198,2019-08-02 09:00:14,18.45799999999999,{},15.919999999999995,{}
1564759812940,2019-08-02 09:30:12,18.589999999999996,{},15.757999999999994,{}
1564763416161,2019-08-02 10:30:16,17.839999999999996,{},15.589999999999993,{}
1564765213422,2019-08-02 11:00:13,18.637999999999995,{},15.397999999999994,{}
1564767012733,2019-08-02 11:30:12,18.81799999999999,{},15.859999999999996,{}
1564768815511,2019-08-02 12:00:15,18.782,{},16.016,{}
1564770616896,2019-08-02 12:30:16,18.637999999999995,{},15.721999999999998,{}
1564772412673,2019-08-02 13:00:12,18.55399999999999,{},15.421999999999997,{}
1564774216584,2019-08-02 13:30:16,18.067999999999994,{},16.315999999999995,{}
1564776012875,2019-08-02 14:00:12,17.863999999999997,{},16.292,{}
1564777815621,2019-08-02 14:30:15,17.995999999999995,{},15.847999999999995,{}
1564779616896,2019-08-02 15:00:16,17.479999999999997,{},15.649999999999997,{}
1564781413950,2019-08-02 15:30:13,17.695999999999994,{},15.649999999999997,{}
1564783214710,2019-08-02 16:00:14,16.981999999999996,{},15.121999999999996,{}
1564785013794,2019-08-02 16:30:13,17.102,{},15.229999999999993,{}
1564786814433,2019-08-02 17:00:14,16.993999999999993,{},15.781999999999996,{}
1564788612815,2019-08-02 17:30:12,17.305999999999997,{},14.851999999999999,{}
1564790415072,2019-08-02 18:00:15,17.017999999999994,{},15.073999999999993,{}
1564792216485,2019-08-02 18:30:16,16.945999999999994,{},15.469999999999995,{}
1564794014469,2019-08-02 19:00:14,16.567999999999994,{},14.287999999999995,{}
1564795814176,2019-08-02 19:30:14,15.883999999999993,{},15.03799999999999,{}
1564797612644,2019-08-02 20:00:12,16.412,{},15.025999999999994,{}
1564799413510,2019-08-02 20:30:13,16.789999999999992,{},14.779999999999994,{}
1564801214693,2019-08-02 21:00:14,16.207999999999995,{},14.82799999999999,{}
1564803014120,2019-08-02 21:30:14,16.921999999999997,{},14.636,{}
1564804814760,2019-08-02 22:00:14,16.706,{},15.121999999999996,{}
1564806613544,2019-08-02 22:30:13,16.567999999999994,{},14.959999999999996,{}
1564808414586,2019-08-02 23:00:14,16.099999999999998,{},14.575999999999995,{}
1564810213689,2019-08-02 23:30:13,15.847999999999995,{},14.432,{}
1564812014511,2019-08-03 00:00:14,15.943999999999992,{},14.82799999999999,{}
1564813814982,2019-08-03 00:30:14,16.052,{},14.767999999999992,{}
1564815614196,2019-08-03 01:00:14,15.697999999999995,{},14.503999999999994,{}
1564817415488,2019-08-03 01:30:15,16.267999999999994,{},14.659999999999995,{}
1564819215395,2019-08-03 02:00:15,15.955999999999998,{},14.623999999999992,{}
1564821015079,2019-08-03 02:30:15,16.159999999999997,{},14.371999999999996,{}
1564822815124,2019-08-03 03:00:15,15.733999999999993,{},14.371999999999996,{}
1564824615503,2019-08-03 03:30:15,15.697999999999995,{},14.347999999999994,{}
1564826415478,2019-08-03 04:00:15,15.661999999999999,{},14.203999999999994,{}
1564828213661,2019-08-03 04:30:13,15.613999999999994,{},14.335999999999999,{}
1564830015755,2019-08-03 05:00:15,16.075999999999997,{},13.801999999999998,{}
1564831813746,2019-08-03 05:30:13,16.171999999999997,{},14.383999999999997,{}
1564833613188,2019-08-03 06:00:13,15.811999999999998,{},14.137999999999995,{}
1564835415731,2019-08-03 06:30:15,16.052,{},14.101999999999999,{}
1564837212511,2019-08-03 07:00:12,15.919999999999995,{},14.527999999999992,{}
1564839016176,2019-08-03 07:30:16,16.231999999999996,{},14.126,{}
1564840813310,2019-08-03 08:00:13,15.589999999999993,{},14.707999999999993,{}
1564842616024,2019-08-03 08:30:16,15.781999999999996,{},14.101999999999999,{}
1564844414397,2019-08-03 09:00:14,15.919999999999995,{},14.335999999999999,{}
1564846213298,2019-08-03 09:30:13,15.253999999999996,{},14.623999999999992,{}
1564848016361,2019-08-03 10:00:16,15.847999999999995,{},14.203999999999994,{}
1564849814307,2019-08-03 10:30:14,16.195999999999998,{},14.947999999999995,{}
1564851615206,2019-08-03 11:00:15,16.303999999999995,{},14.599999999999996,{}
1564853412509,2019-08-03 11:30:12,15.709999999999996,{},14.371999999999996,{}
1564855215870,2019-08-03 12:00:15,15.769999999999996,{},15.013999999999994,{}
1564857013670,2019-08-03 12:30:13,16.075999999999997,{},14.82799999999999,{}
1564858812974,2019-08-03 13:00:12,16.135999999999996,{},15.013999999999994,{}
1564860614860,2019-08-03 13:30:14,15.907999999999994,{},14.707999999999993,{}
1564862413124,2019-08-03 14:00:13,16.519999999999996,{},15.073999999999993,{}
1564864216473,2019-08-03 14:30:16,15.349999999999998,{},15.193999999999996,{}
1564866014579,2019-08-03 15:00:14,15.673999999999994,{},14.779999999999994,{}
1564867816548,2019-08-03 15:30:16,15.542,{},14.323999999999993,{}
1564869615283,2019-08-03 16:00:15,15.265999999999996,{},14.432,{}
1564871415033,2019-08-03 16:30:15,15.361999999999998,{},14.851999999999999,{}
1564873226171,2019-08-03 17:00:26,15.193999999999996,{},14.767999999999992,{}
1564875015557,2019-08-03 17:30:15,15.025999999999994,{},14.167999999999992,{}
1564882214402,2019-08-03 19:30:14,14.695999999999998,{},14.347999999999994,{}
1564884015514,2019-08-03 20:00:15,15.217999999999993,{},13.741999999999999,{}
1564885816162,2019-08-03 20:30:16,14.936,{},13.609999999999994,{}
1564887615502,2019-08-03 21:00:15,14.587999999999996,{},13.633999999999997,{}
1564889412520,2019-08-03 21:30:12,14.432,{},14.137999999999995,{}
1564891214872,2019-08-03 22:00:14,14.719999999999994,{},13.909999999999995,{}
1564893014486,2019-08-03 22:30:14,14.923999999999992,{},13.195999999999996,{}
1564894815855,2019-08-03 23:00:15,15.157999999999994,{},13.765999999999995,{}
1564896613096,2019-08-03 23:30:13,15.217999999999993,{},13.861999999999997,{}
1564898415846,2019-08-04 00:00:15,13.897999999999994,{},14.155999999999997,{}
1564900212720,2019-08-04 00:30:12,14.792,{},13.322000000000001,{}
1564902015092,2019-08-04 01:00:15,15.03799999999999,{},13.753999999999994,{}
1564903815422,2019-08-04 01:30:15,15.121999999999996,{},14.137999999999995,{}
1564905614249,2019-08-04 02:00:14,13.969999999999994,{},14.155999999999997,{}
1564907414943,2019-08-04 02:30:14,14.167999999999992,{},13.982,{}
1564909214026,2019-08-04 03:00:14,14.113999999999994,{},13.717999999999991,{}
1564911015022,2019-08-04 03:30:15,14.287999999999995,{},13.693999999999996,{}
1564912814392,2019-08-04 04:00:14,14.695999999999998,{},14.005999999999997,{}
1564914612953,2019-08-04 04:30:12,14.089999999999996,{},13.41799999999999,{}
1564916415779,2019-08-04 05:00:15,14.515999999999995,{},12.835999999999997,{}
1564918213262,2019-08-04 05:30:13,14.323999999999993,{},13.669999999999993,{}
1564920015629,2019-08-04 06:00:15,14.239999999999997,{},13.027999999999995,{}
1564921813923,2019-08-04 06:30:13,14.719999999999994,{},13.669999999999993,{}
1564923613817,2019-08-04 07:00:13,14.126,{},13.669999999999993,{}
1564925413364,2019-08-04 07:30:13,14.623999999999992,{},13.135999999999997,{}
1564927215203,2019-08-04 08:00:15,14.335999999999999,{},13.279999999999998,{}
1564929015915,2019-08-04 08:30:15,13.945999999999998,{},13.585999999999999,{}
1564930815278,2019-08-04 09:00:15,14.719999999999994,{},13.705999999999996,{}
1564932614137,2019-08-04 09:30:14,14.22799999999999,{},13.825999999999999,{}
1564934414969,2019-08-04 10:00:14,14.551999999999998,{},13.682,{}
1564936214670,2019-08-04 10:30:14,14.263999999999994,{},13.77799999999999,{}
1564938015029,2019-08-04 11:00:15,14.479999999999993,{},14.275999999999994,{}
1564939814641,2019-08-04 11:30:14,14.671999999999997,{},13.501999999999997,{}
1564941614545,2019-08-04 12:00:14,14.395999999999997,{},13.645999999999997,{}
1564943412712,2019-08-04 12:30:12,14.936,{},14.587999999999996,{}
1564945214030,2019-08-04 13:00:14,14.911999999999997,{},13.645999999999997,{}
1564947014807,2019-08-04 13:30:14,14.647999999999994,{},14.371999999999996,{}
1564948814015,2019-08-04 14:00:14,15.013999999999994,{},14.347999999999994,{}
1564952415443,2019-08-04 15:00:15,14.947999999999995,{},13.429999999999998,{}
1564954215166,2019-08-04 15:30:15,13.897999999999994,{},13.993999999999996,{}
1564956013308,2019-08-04 16:00:13,14.755999999999997,{},13.291999999999998,{}
1564957814778,2019-08-04 16:30:14,14.335999999999999,{},13.753999999999994,{}
1564959616080,2019-08-04 17:00:16,15.109999999999996,{},14.191999999999998,{}
1564961413880,2019-08-04 17:30:13,14.432,{},13.669999999999993,{}
1564963214007,2019-08-04 18:00:14,13.682,{},13.849999999999996,{}
1564965013575,2019-08-04 18:30:13,13.909999999999995,{},14.239999999999997,{}
1564966814141,2019-08-04 19:00:14,13.886,{},12.943999999999994,{}
1564968614011,2019-08-04 19:30:14,14.005999999999997,{},13.489999999999997,{}
1564970412867,2019-08-04 20:00:12,14.347999999999994,{},13.897999999999994,{}
1564972214919,2019-08-04 20:30:14,14.167999999999992,{},13.682,{}
1564974013073,2019-08-04 21:00:13,14.239999999999997,{},13.405999999999995,{}
1564975815300,2019-08-04 21:30:15,14.383999999999997,{},13.657999999999992,{}
1564977614373,2019-08-04 22:00:14,13.861999999999997,{},13.147999999999993,{}
1564979414514,2019-08-04 22:30:14,13.501999999999997,{},13.477999999999996,{}
1564981212691,2019-08-04 23:00:12,13.087999999999994,{},13.405999999999995,{}
1564983014687,2019-08-04 23:30:14,13.255999999999995,{},13.501999999999997,{}
1564984814161,2019-08-05 00:00:14,13.682,{},13.075999999999999,{}
1564986614791,2019-08-05 00:30:14,13.825999999999999,{},13.789999999999997,{}
1564988415139,2019-08-05 01:00:15,13.513999999999992,{},13.147999999999993,{}
1564990214048,2019-08-05 01:30:14,13.957999999999993,{},12.799999999999995,{}
1564992014585,2019-08-05 02:00:14,13.597999999999994,{},13.405999999999995,{}
1564995616230,2019-08-05 03:00:16,13.41799999999999,{},12.799999999999995,{}
1564997414390,2019-08-05 03:30:14,13.051999999999996,{},12.385999999999997,{}
1564999214054,2019-08-05 04:00:14,13.622,{},13.279999999999998,{}
1565001014468,2019-08-05 04:30:14,13.195999999999996,{},13.573999999999991,{}
1565002814406,2019-08-05 05:00:14,14.029999999999998,{},12.979999999999997,{}
1565008214652,2019-08-05 06:30:14,12.991999999999997,{},12.955999999999996,{}
1565010014060,2019-08-05 07:00:14,13.087999999999994,{},13.573999999999991,{}
1565011813229,2019-08-05 07:30:13,13.825999999999999,{},12.859999999999994,{}
1565013616497,2019-08-05 08:00:16,13.159999999999993,{},12.739999999999995,{}
1565015413002,2019-08-05 08:30:13,13.501999999999997,{},13.717999999999991,{}
1565017213845,2019-08-05 09:00:13,13.243999999999994,{},13.41799999999999,{}
1565019014969,2019-08-05 09:30:14,13.232,{},13.075999999999999,{}
1565020814196,2019-08-05 10:00:14,13.801999999999998,{},13.063999999999993,{}
1565022614505,2019-08-05 10:30:14,13.945999999999998,{},13.669999999999993,{}
1565024413604,2019-08-05 11:00:13,14.815999999999995,{},12.907999999999992,{}
1565026214040,2019-08-05 11:30:14,14.179999999999998,{},13.597999999999994,{}
1565028015604,2019-08-05 12:00:15,14.287999999999995,{},13.585999999999999,{}
1565029815330,2019-08-05 12:30:15,13.657999999999992,{},13.633999999999997,{}
1565031615057,2019-08-05 13:00:15,14.005999999999997,{},14.22799999999999,{}
1565033414138,2019-08-05 13:30:14,14.563999999999993,{},13.77799999999999,{}
1565035215087,2019-08-05 14:00:15,13.645999999999997,{},13.597999999999994,{}
1565037014204,2019-08-05 14:30:14,13.813999999999993,{},13.741999999999999,{}
1565038813987,2019-08-05 15:00:13,14.07799999999999,{},13.41799999999999,{}
1565042415650,2019-08-05 16:00:15,14.491999999999999,{},13.123999999999997,{}
1565044214786,2019-08-05 16:30:14,13.886,{},13.561999999999996,{}
1565046013564,2019-08-05 17:00:13,14.137999999999995,{},13.573999999999991,{}
1565047813347,2019-08-05 17:30:13,13.741999999999999,{},13.291999999999998,{}
1565049615521,2019-08-05 18:00:15,14.137999999999995,{},13.717999999999991,{}
1565051413101,2019-08-05 18:30:13,13.232,{},13.789999999999997,{}
1565056816731,2019-08-05 20:00:16,13.861999999999997,{},13.147999999999993,{}
1565058614985,2019-08-05 20:30:14,13.609999999999994,{},12.812000000000001,{}
1565064016532,2019-08-05 22:00:16,13.717999999999991,{},13.465999999999994,{}
1565065814138,2019-08-05 22:30:14,13.405999999999995,{},13.195999999999996,{}
1565067614576,2019-08-05 23:00:14,14.041999999999998,{},13.357999999999992,{}
1565069414407,2019-08-05 23:30:14,13.429999999999998,{},12.883999999999995,{}
1565071215640,2019-08-06 00:00:15,13.147999999999993,{},13.051999999999996,{}
1565073013150,2019-08-06 00:30:13,13.232,{},12.469999999999997,{}
1565074816068,2019-08-06 01:00:16,13.682,{},13.051999999999996,{}
1565076614979,2019-08-06 01:30:14,13.369999999999994,{},13.393999999999995,{}
1565078414577,2019-08-06 02:00:14,13.693999999999996,{},13.322000000000001,{}
1565080215312,2019-08-06 02:30:15,13.255999999999995,{},13.039999999999996,{}
1565082013752,2019-08-06 03:00:13,13.645999999999997,{},13.016,{}
1565083816320,2019-08-06 03:30:16,13.111999999999997,{},13.489999999999997,{}
1565085612679,2019-08-06 04:00:12,12.691999999999998,{},13.429999999999998,{}
1565087415093,2019-08-06 04:30:15,13.477999999999996,{},12.739999999999995,{}
1565089213709,2019-08-06 05:00:13,12.883999999999995,{},13.41799999999999,{}
1565091014462,2019-08-06 05:30:14,13.585999999999999,{},12.727999999999994,{}
1565092814882,2019-08-06 06:00:14,12.979999999999997,{},13.393999999999995,{}
1565094614404,2019-08-06 06:30:14,12.535999999999998,{},13.039999999999996,{}
1565096414883,2019-08-06 07:00:14,12.872,{},12.512,{}
1565098213681,2019-08-06 07:30:13,13.003999999999994,{},13.147999999999993,{}
1565101814957,2019-08-06 08:30:14,13.183999999999996,{},12.812000000000001,{}
1565103617011,2019-08-06 09:00:17,12.679999999999996,{},12.325999999999999,{}
1565105413567,2019-08-06 09:30:13,13.232,{},12.691999999999998,{}
1565107213807,2019-08-06 10:00:13,13.135999999999997,{},13.957999999999993,{}
1565109014929,2019-08-06 10:30:14,17.426,{},17.426,{}
1565110813669,2019-08-06 11:00:13,17.779999999999994,{},20.365999999999996,{}
1565112616236,2019-08-06 11:30:16,20.689999999999998,{},22.927999999999994,{}
1565114415955,2019-08-06 12:00:15,27.703999999999994,{},28.549999999999997,{}
1565116215156,2019-08-06 12:30:15,28.657999999999994,{},29.15599999999999,{}
1565118017007,2019-08-06 13:00:17,28.525999999999996,{},28.273999999999987,{}
1565119815350,2019-08-06 13:30:15,28.147999999999996,{},28.027999999999984,{}
1565121614989,2019-08-06 14:00:14,28.43,{},27.133999999999993,{}
1565123414623,2019-08-06 14:30:14,27.145999999999997,{},26.455999999999996,{}
1565125215291,2019-08-06 15:00:15,27.145999999999997,{},25.903999999999993,{}
1565127014887,2019-08-06 15:30:14,27.302,{},25.795999999999996,{}
1565128813862,2019-08-06 16:00:13,27.523999999999994,{},25.393999999999995,{}
1565130617099,2019-08-06 16:30:17,26.479999999999993,{},24.811999999999994,{}
1565132413003,2019-08-06 17:00:13,25.783999999999995,{},24.739999999999995,{}
1565134217059,2019-08-06 17:30:17,25.35799999999999,{},24.583999999999996,{}
1565136014607,2019-08-06 18:00:14,25.561999999999998,{},24.25999999999999,{}
1565137814938,2019-08-06 18:30:14,25.92799999999999,{},23.762,{}
1565139614151,2019-08-06 19:00:14,26.239999999999995,{},24.24799999999999,{}
1565141414088,2019-08-06 19:30:14,25.381999999999998,{},23.677999999999994,{}
1565146815801,2019-08-06 21:00:15,25.322,{},23.095999999999993,{}
1565148614844,2019-08-06 21:30:14,25.11799999999999,{},22.987999999999992,{}
1565150414500,2019-08-06 22:00:14,25.47799999999999,{},23.43799999999999,{}
1565152215741,2019-08-06 22:30:15,24.655999999999995,{},23.10799999999999,{}
1565154013261,2019-08-06 23:00:13,24.595999999999997,{},22.627999999999993,{}
1565155815813,2019-08-06 23:30:15,24.836,{},23.167999999999996,{}
1565157615700,2019-08-07 00:00:15,24.949999999999996,{},23.04799999999999,{}
1565159416109,2019-08-07 00:30:16,24.643999999999995,{},22.999999999999993,{}
1565161214395,2019-08-07 01:00:14,25.47799999999999,{},22.333999999999993,{}
1565163014161,2019-08-07 01:30:14,24.836,{},23.305999999999997,{}
1565164814933,2019-08-07 02:00:14,24.319999999999997,{},22.333999999999993,{}
1565166614435,2019-08-07 02:30:14,27.667999999999992,{},26.011999999999997,{}
1565168415973,2019-08-07 03:00:15,28.369999999999994,{},28.789999999999992,{}
1565170213713,2019-08-07 03:30:13,28.369999999999994,{},28.406,{}
1565175617115,2019-08-07 05:00:17,28.213999999999995,{},27.547999999999995,{}
1565179214476,2019-08-07 06:00:14,28.027999999999984,{},27.571999999999996,{}
1565181015320,2019-08-07 06:30:15,27.523999999999994,{},27.07399999999999,{}
1565182814317,2019-08-07 07:00:14,27.595999999999997,{},27.355999999999998,{}
1565184613651,2019-08-07 07:30:13,27.847999999999995,{},27.025999999999996,{}
1565186415800,2019-08-07 08:00:15,27.392,{},26.98999999999999,{}
1565188213535,2019-08-07 08:30:13,27.847999999999995,{},27.07399999999999,{}
1565190015231,2019-08-07 09:00:15,27.559999999999995,{},27.379999999999992,{}
1565191803322,2019-08-07 09:30:03,27.523999999999994,{},27.013999999999992,{}
1565193603137,2019-08-07 10:00:03,27.907999999999987,{},26.725999999999996,{}
1565193662879,2019-08-07 10:01:02,27.823999999999995,{},26.701999999999998,{}
1565195403733,2019-08-07 10:30:03,27.871999999999996,{},27.205999999999996,{}
1565197203462,2019-08-07 11:00:03,27.379999999999992,{},26.67799999999999,{}
1565199002842,2019-08-07 11:30:02,26.701999999999998,{},26.593999999999994,{}
1565200802962,2019-08-07 12:00:02,27.265999999999995,{},26.192,{}
1565202602711,2019-08-07 12:30:02,27.025999999999996,{},26.107999999999993,{}
1565202662942,2019-08-07 12:31:02,27.703999999999994,{},25.526,{}
1565204402805,2019-08-07 13:00:02,26.917999999999992,{},25.92799999999999,{}
1565206202593,2019-08-07 13:30:02,27.169999999999995,{},26.035999999999998,{}
1565206262507,2019-08-07 13:31:02,27.253999999999994,{},25.795999999999996,{}
1565208002572,2019-08-07 14:00:02,27.253999999999994,{},24.985999999999997,{}
1565209802578,2019-08-07 14:30:02,27.061999999999998,{},25.105999999999995,{}
1565211602789,2019-08-07 15:00:02,27.229999999999993,{},25.201999999999998,{}
1565211662434,2019-08-07 15:01:02,27.535999999999994,{},24.985999999999997,{}
1565213407916,2019-08-07 15:30:07,26.642,{},24.997999999999994,{}
1565213464118,2019-08-07 15:31:04,26.785999999999994,{},24.901999999999997,{}
1565213523802,2019-08-07 15:32:03,26.689999999999998,{},24.751999999999995,{}
1565213583870,2019-08-07 15:33:03,26.785999999999994,{},24.901999999999997,{}
1565217015079,2019-08-07 16:30:15,26.593999999999994,{},24.805999999999994,{}
1565218815013,2019-08-07 17:00:15,26.881999999999994,{},25.093999999999994,{}
1565220613313,2019-08-07 17:30:13,26.642,{},25.237999999999992,{}
1565222415290,2019-08-07 18:00:15,26.833999999999993,{},25.285999999999998,{}
1565224214666,2019-08-07 18:30:14,26.785999999999994,{},25.237999999999992,{}
1565226014781,2019-08-07 19:00:14,26.929999999999993,{},25.285999999999998,{}
1565227815004,2019-08-07 19:30:15,26.97799999999999,{},25.189999999999994,{}
1565229615232,2019-08-07 20:00:15,27.025999999999996,{},24.853999999999992,{}
1565231414924,2019-08-07 20:30:14,26.833999999999993,{},25.093999999999994,{}
1565233214628,2019-08-07 21:00:14,26.642,{},24.949999999999996,{}
1565235013260,2019-08-07 21:30:13,26.929999999999993,{},24.997999999999994,{}
1565238615067,2019-08-07 22:30:15,26.97799999999999,{},24.901999999999997,{}
1565240416149,2019-08-07 23:00:16,26.689999999999998,{},24.949999999999996,{}
1565242214530,2019-08-07 23:30:14,26.881999999999994,{},24.805999999999994,{}
1565244015691,2019-08-08 00:00:15,29.299999999999994,{},28.90999999999999,{}
1565245814758,2019-08-08 00:30:14,29.396,{},28.669999999999995,{}
1565247613449,2019-08-08 01:00:13,29.10799999999999,{},28.621999999999993,{}
1565249417202,2019-08-08 01:30:17,28.669999999999995,{},28.381999999999998,{}
1565251214017,2019-08-08 02:00:14,28.957999999999995,{},28.286,{}
1565256615836,2019-08-08 03:30:15,28.90999999999999,{},27.895999999999997,{}
1565258413749,2019-08-08 04:00:13,28.621999999999993,{},27.895999999999997,{}
1565260215443,2019-08-08 04:30:15,28.237999999999996,{},27.847999999999995,{}
1565262015800,2019-08-08 05:00:15,28.333999999999993,{},27.703999999999994,{}
1565263813530,2019-08-08 05:30:13,28.43,{},27.752,{}
1565265616799,2019-08-08 06:00:16,28.43,{},27.65599999999999,{}
1565267412562,2019-08-08 06:30:12,28.43,{},27.511999999999993,{}
1565269214257,2019-08-08 07:00:14,28.333999999999993,{},27.463999999999988,{}
1565271013439,2019-08-08 07:30:13,28.43,{},27.511999999999993,{}
1565272816113,2019-08-08 08:00:16,28.333999999999993,{},27.415999999999997,{}
1565274615691,2019-08-08 08:30:15,28.43,{},27.313999999999993,{}
1565276414174,2019-08-08 09:00:14,28.286,{},27.217999999999993,{}
1565278215606,2019-08-08 09:30:15,28.47799999999999,{},27.36799999999999,{}
1565280015076,2019-08-08 10:00:15,28.43,{},27.415999999999997,{}
1565281813201,2019-08-08 10:30:13,28.286,{},27.265999999999995,{}
1565283616620,2019-08-08 11:00:16,28.669999999999995,{},27.07399999999999,{}
1565285414414,2019-08-08 11:30:14,28.621999999999993,{},27.511999999999993,{}
1565287216318,2019-08-08 12:00:16,28.333999999999993,{},27.36799999999999,{}
1565289015416,2019-08-08 12:30:15,28.525999999999996,{},27.415999999999997,{}
1565290815209,2019-08-08 13:00:15,28.525999999999996,{},27.121999999999996,{}
1565292615013,2019-08-08 13:30:15,28.47799999999999,{},26.881999999999994,{}
1565294413359,2019-08-08 14:00:13,27.943999999999992,{},26.642,{}
1565296215981,2019-08-08 14:30:15,28.04,{},26.491999999999997,{}
1565298014587,2019-08-08 15:00:14,27.991999999999994,{},26.299999999999997,{}
1565299815800,2019-08-08 15:30:15,27.79999999999999,{},26.299999999999997,{}
1565301615394,2019-08-08 16:00:15,27.703999999999994,{},26.059999999999995,{}
1565303414879,2019-08-08 16:30:14,27.65599999999999,{},25.819999999999993,{}
1565305216219,2019-08-08 17:00:16,27.511999999999993,{},25.72399999999999,{}
1565307013186,2019-08-08 17:30:13,27.265999999999995,{},25.333999999999996,{}
1565308815560,2019-08-08 18:00:15,27.169999999999995,{},25.141999999999996,{}
1565310613818,2019-08-08 18:30:13,27.07399999999999,{},25.045999999999996,{}
1565312415540,2019-08-08 19:00:15,27.169999999999995,{},24.997999999999994,{}
1565317816066,2019-08-08 20:30:16,26.73799999999999,{},24.853999999999992,{}
1565321414421,2019-08-08 21:30:14,27.07399999999999,{},24.60799999999999,{}
1565326816172,2019-08-08 23:00:16,27.07399999999999,{},24.46399999999999,{}
1565328613849,2019-08-08 23:30:13,26.73799999999999,{},24.416,{}
1565330415607,2019-08-09 00:00:15,27.025999999999996,{},24.46399999999999,{}
1565332214899,2019-08-09 00:30:14,26.73799999999999,{},24.367999999999988,{}
1565334016143,2019-08-09 01:00:16,26.785999999999994,{},24.272,{}
1565335814052,2019-08-09 01:30:14,26.785999999999994,{},24.319999999999997,{}
1565337614360,2019-08-09 02:00:14,26.642,{},24.223999999999997,{}
1565339416432,2019-08-09 02:30:16,26.73799999999999,{},24.272,{}
1565341215504,2019-08-09 03:00:15,26.642,{},24.319999999999997,{}
1565343016477,2019-08-09 03:30:16,26.833999999999993,{},24.272,{}
1565344815009,2019-08-09 04:00:15,26.73799999999999,{},24.176,{}
1565346616645,2019-08-09 04:30:16,26.642,{},24.176,{}
1565348413980,2019-08-09 05:00:13,26.593999999999994,{},24.176,{}
1565350214237,2019-08-09 05:30:14,26.73799999999999,{},24.272,{}
1565352015927,2019-08-09 06:00:15,26.642,{},24.127999999999993,{}
1565353814150,2019-08-09 06:30:14,26.491999999999997,{},24.031999999999996,{}
1565357414994,2019-08-09 07:30:14,26.443999999999996,{},24.079999999999995,{}
1565361016238,2019-08-09 08:30:16,26.545999999999996,{},24.031999999999996,{}
1565362814792,2019-08-09 09:00:14,26.395999999999997,{},23.983999999999995,{}
1565364616153,2019-08-09 09:30:16,26.929999999999993,{},23.785999999999994,{}
1565366415023,2019-08-09 10:00:15,26.299999999999997,{},23.929999999999996,{}
1565368216478,2019-08-09 10:30:16,26.593999999999994,{},23.833999999999993,{}
1565370014118,2019-08-09 11:00:14,26.642,{},23.929999999999996,{}
1565371813479,2019-08-09 11:30:13,26.689999999999998,{},23.737999999999992,{}
1565373616007,2019-08-09 12:00:16,26.299999999999997,{},23.49799999999999,{}
1565375415891,2019-08-09 12:30:15,26.252,{},23.06,{}
1565377215153,2019-08-09 13:00:15,26.203999999999994,{},22.915999999999997,{}
1565379013625,2019-08-09 13:30:13,25.96399999999999,{},22.627999999999993,{}
1565380815425,2019-08-09 14:00:15,25.819999999999993,{},22.243999999999993,{}
1565382614519,2019-08-09 14:30:14,25.675999999999995,{},21.902,{}
1565384415895,2019-08-09 15:00:15,25.381999999999998,{},21.662,{}
1565386215741,2019-08-09 15:30:15,25.771999999999995,{},21.36799999999999,{}
1565388013334,2019-08-09 16:00:13,25.237999999999992,{},21.079999999999995,{}
1565389815235,2019-08-09 16:30:15,25.045999999999996,{},20.791999999999998,{}
1565391615292,2019-08-09 17:00:15,25.045999999999996,{},20.497999999999994,{}
1565393415324,2019-08-09 17:30:15,25.045999999999996,{},20.353999999999996,{}
1565397016671,2019-08-09 18:30:16,24.416,{},20.209999999999994,{}
1565398815978,2019-08-09 19:00:15,24.46399999999999,{},20.01799999999999,{}
1565400613272,2019-08-09 19:30:13,24.751999999999995,{},19.826,{}
1565402414484,2019-08-09 20:00:14,24.511999999999993,{},19.62799999999999,{}
1565404215712,2019-08-09 20:30:15,24.416,{},19.387999999999995,{}
1565406012751,2019-08-09 21:00:12,24.511999999999993,{},19.532,{}
1565407814936,2019-08-09 21:30:14,24.176,{},19.435999999999996,{}
1565409614746,2019-08-09 22:00:14,24.319999999999997,{},19.387999999999995,{}
1565411416197,2019-08-09 22:30:16,24.127999999999993,{},19.435999999999996,{}
1565413215037,2019-08-09 23:00:15,24.031999999999996,{},19.243999999999993,{}
1565415016216,2019-08-09 23:30:16,24.319999999999997,{},19.291999999999998,{}
1565416813770,2019-08-10 00:00:13,24.319999999999997,{},19.243999999999993,{}
1565418613087,2019-08-10 00:30:13,24.127999999999993,{},19.291999999999998,{}
1565420416953,2019-08-10 01:00:16,24.176,{},19.195999999999998,{}
1565422214482,2019-08-10 01:30:14,23.881999999999998,{},19.195999999999998,{}
1565424016383,2019-08-10 02:00:16,24.079999999999995,{},19.051999999999996,{}
1565425815769,2019-08-10 02:30:15,24.079999999999995,{},18.90799999999999,{}
1565427614899,2019-08-10 03:00:14,24.127999999999993,{},19.195999999999998,{}
1565429413389,2019-08-10 03:30:13,24.319999999999997,{},19.003999999999994,{}
1565431214834,2019-08-10 04:00:14,23.929999999999996,{},18.90799999999999,{}
1565433015963,2019-08-10 04:30:15,23.929999999999996,{},18.955999999999996,{}
1565434813398,2019-08-10 05:00:13,24.176,{},18.859999999999992,{}
1565436615164,2019-08-10 05:30:15,23.737999999999992,{},18.805999999999994,{}
1565438413829,2019-08-10 06:00:13,23.833999999999993,{},18.805999999999994,{}
1565440213562,2019-08-10 06:30:13,23.737999999999992,{},18.709999999999994,{}
1565442014657,2019-08-10 07:00:14,23.593999999999994,{},18.805999999999994,{}
1565443813899,2019-08-10 07:30:13,23.785999999999994,{},18.709999999999994,{}
1565445616770,2019-08-10 08:00:16,23.833999999999993,{},18.757999999999992,{}
1565447415619,2019-08-10 08:30:15,23.737999999999992,{},18.757999999999992,{}
1565449217852,2019-08-10 09:00:17,23.833999999999993,{},18.709999999999994,{}
1565451015222,2019-08-10 09:30:15,23.689999999999994,{},18.859999999999992,{}
1565452814874,2019-08-10 10:00:14,23.833999999999993,{},18.709999999999994,{}
1565454616447,2019-08-10 10:30:16,30.697999999999993,{},29.252,{}
1565456414162,2019-08-10 11:00:14,30.121999999999993,{},28.90999999999999,{}
1565458216245,2019-08-10 11:30:16,29.82799999999999,{},28.76599999999999,{}
1565460014907,2019-08-10 12:00:14,29.683999999999987,{},28.76599999999999,{}
1565461812952,2019-08-10 12:30:12,29.683999999999987,{},28.525999999999996,{}
1565463615443,2019-08-10 13:00:15,29.635999999999996,{},28.333999999999993,{}
1565465415787,2019-08-10 13:30:15,29.396,{},28.47799999999999,{}
1565467215675,2019-08-10 14:00:15,29.683999999999987,{},28.813999999999997,{}
1565469015097,2019-08-10 14:30:15,29.779999999999994,{},28.813999999999997,{}
1565470816187,2019-08-10 15:00:16,29.54,{},28.669999999999995,{}
1565472614423,2019-08-10 15:30:14,29.491999999999997,{},28.47799999999999,{}
1565474414931,2019-08-10 16:00:14,29.299999999999994,{},28.333999999999993,{}
1565479817422,2019-08-10 17:30:17,29.05399999999999,{},27.895999999999997,{}
1565481614458,2019-08-10 18:00:14,28.90999999999999,{},27.703999999999994,{}
1565483415813,2019-08-10 18:30:15,28.90999999999999,{},27.559999999999995,{}
1565485213909,2019-08-10 19:00:13,28.76599999999999,{},27.463999999999988,{}
1565487015874,2019-08-10 19:30:15,28.71799999999999,{},27.313999999999993,{}
1565488815368,2019-08-10 20:00:15,28.47799999999999,{},27.265999999999995,{}
1565490616002,2019-08-10 20:30:16,28.621999999999993,{},27.265999999999995,{}
1565492416356,2019-08-10 21:00:16,28.286,{},27.121999999999996,{}
1565494214344,2019-08-10 21:30:14,28.286,{},27.07399999999999,{}
1565496013946,2019-08-10 22:00:13,28.381999999999998,{},27.07399999999999,{}
1565497816459,2019-08-10 22:30:16,28.286,{},26.97799999999999,{}
1565499613680,2019-08-10 23:00:13,27.943999999999992,{},26.97799999999999,{}
1565501416612,2019-08-10 23:30:16,28.381999999999998,{},26.97799999999999,{}
1565503214603,2019-08-11 00:00:14,28.04,{},26.689999999999998,{}
1565505015020,2019-08-11 00:30:15,28.04,{},26.545999999999996,{}
1565506813557,2019-08-11 01:00:13,28.286,{},26.642,{}
1565508613406,2019-08-11 01:30:13,28.08799999999999,{},26.593999999999994,{}
1565510416437,2019-08-11 02:00:16,28.135999999999996,{},26.642,{}
1565515816066,2019-08-11 03:30:16,27.943999999999992,{},26.443999999999996,{}
1565517615847,2019-08-11 04:00:15,27.991999999999994,{},26.545999999999996,{}
1565519415154,2019-08-11 04:30:15,28.08799999999999,{},26.252,{}
1565521214837,2019-08-11 05:00:14,27.895999999999997,{},26.252,{}
1565523015790,2019-08-11 05:30:15,27.847999999999995,{},26.203999999999994,{}
1565524814466,2019-08-11 06:00:14,27.79999999999999,{},26.252,{}
1565526615136,2019-08-11 06:30:15,27.703999999999994,{},26.203999999999994,{}
1565528414737,2019-08-11 07:00:14,27.60799999999999,{},26.347999999999992,{}
1565530214398,2019-08-11 07:30:14,27.65599999999999,{},26.252,{}
1565532015505,2019-08-11 08:00:15,27.752,{},26.203999999999994,{}
1565533815581,2019-08-11 08:30:15,27.752,{},26.107999999999993,{}
1565535616608,2019-08-11 09:00:16,27.65599999999999,{},26.299999999999997,{}
1565537413843,2019-08-11 09:30:13,27.752,{},26.155999999999995,{}
1565539216597,2019-08-11 10:00:16,27.752,{},26.299999999999997,{}
1565541013086,2019-08-11 10:30:13,28.183999999999997,{},26.203999999999994,{}
1565542813293,2019-08-11 11:00:13,28.04,{},26.011999999999997,{}
1565544615938,2019-08-11 11:30:15,27.79999999999999,{},26.155999999999995,{}
1565546414548,2019-08-11 12:00:14,27.847999999999995,{},25.96399999999999,{}
1565548215755,2019-08-11 12:30:15,27.991999999999994,{},25.819999999999993,{}
1565550014543,2019-08-11 13:00:14,27.79999999999999,{},25.675999999999995,{}
1565551814910,2019-08-11 13:30:14,27.65599999999999,{},25.285999999999998,{}
1565553613846,2019-08-11 14:00:13,27.463999999999988,{},25.093999999999994,{}
1565555412609,2019-08-11 14:30:12,27.463999999999988,{},25.045999999999996,{}
1565557217132,2019-08-11 15:00:17,27.415999999999997,{},24.949999999999996,{}
1565559014830,2019-08-11 15:30:14,27.169999999999995,{},24.60799999999999,{}
1565560815652,2019-08-11 16:00:15,27.36799999999999,{},24.367999999999988,{}
1565562614237,2019-08-11 16:30:14,27.265999999999995,{},24.55999999999999,{}
1565564414253,2019-08-11 17:00:14,27.169999999999995,{},24.176,{}
1565569816427,2019-08-11 18:30:16,27.169999999999995,{},23.983999999999995,{}
1565571614284,2019-08-11 19:00:14,27.025999999999996,{},24.079999999999995,{}
1565573415405,2019-08-11 19:30:15,26.97799999999999,{},24.176,{}
1565575212931,2019-08-11 20:00:12,26.73799999999999,{},23.983999999999995,{}
1565577013319,2019-08-11 20:30:13,26.689999999999998,{},23.929999999999996,{}
1565578814958,2019-08-11 21:00:14,26.785999999999994,{},23.929999999999996,{}
1565580634462,2019-08-11 21:30:34,26.881999999999994,{},23.881999999999998,{}
1565584216092,2019-08-11 22:30:16,26.785999999999994,{},23.737999999999992,{}
1565586013343,2019-08-11 23:00:13,26.545999999999996,{},23.737999999999992,{}
1565587815390,2019-08-11 23:30:15,26.833999999999993,{},23.641999999999996,{}
1565589615433,2019-08-12 00:00:15,26.689999999999998,{},23.689999999999994,{}
1565591416084,2019-08-12 00:30:16,26.642,{},23.689999999999994,{}
1565593215198,2019-08-12 01:00:15,26.593999999999994,{},23.737999999999992,{}
1565595016177,2019-08-12 01:30:16,26.443999999999996,{},23.593999999999994,{}
1565596814023,2019-08-12 02:00:14,26.785999999999994,{},23.545999999999996,{}
1565598614314,2019-08-12 02:30:14,26.881999999999994,{},23.689999999999994,{}
1565600415573,2019-08-12 03:00:15,26.545999999999996,{},23.305999999999997,{}
1565602214533,2019-08-12 03:30:14,26.545999999999996,{},23.449999999999992,{}
1565604016670,2019-08-12 04:00:16,26.833999999999993,{},23.353999999999992,{}
1565605814855,2019-08-12 04:30:14,26.491999999999997,{},23.49799999999999,{}
1565607615338,2019-08-12 05:00:15,26.545999999999996,{},23.49799999999999,{}
1565609416488,2019-08-12 05:30:16,26.443999999999996,{},23.353999999999992,{}
1565611212736,2019-08-12 06:00:12,26.593999999999994,{},23.401999999999994,{}
1565613015526,2019-08-12 06:30:15,26.491999999999997,{},23.449999999999992,{}
1565614824327,2019-08-12 07:00:24,26.443999999999996,{},23.162,{}
1565616616166,2019-08-12 07:30:16,26.252,{},23.353999999999992,{}
1565620215268,2019-08-12 08:30:15,26.689999999999998,{},23.305999999999997,{}
1565622014866,2019-08-12 09:00:14,26.347999999999992,{},23.25799999999999,{}
1565623814034,2019-08-12 09:30:14,26.395999999999997,{},23.209999999999997,{}
1565625615450,2019-08-12 10:00:15,26.443999999999996,{},23.162,{}
1565627413866,2019-08-12 10:30:13,26.252,{},22.963999999999995,{}
1565629215872,2019-08-12 11:00:15,26.593999999999994,{},23.012,{}
1565631012970,2019-08-12 11:30:12,26.545999999999996,{},22.963999999999995,{}
1565632813933,2019-08-12 12:00:13,26.443999999999996,{},22.291999999999994,{}
1565634616773,2019-08-12 12:30:16,26.203999999999994,{},21.949999999999996,{}
1565636414404,2019-08-12 13:00:14,26.395999999999997,{},21.709999999999997,{}
1565641815860,2019-08-12 14:30:15,25.819999999999993,{},20.936,{}
1565643613119,2019-08-12 15:00:13,25.57399999999999,{},20.695999999999998,{}
1565645413514,2019-08-12 15:30:13,25.429999999999996,{},20.449999999999996,{}
1565647216175,2019-08-12 16:00:16,25.141999999999996,{},20.305999999999997,{}
1565649013339,2019-08-12 16:30:13,25.237999999999992,{},19.96999999999999,{}
1565650815367,2019-08-12 17:00:15,24.949999999999996,{},19.729999999999997,{}
1565652613898,2019-08-12 17:30:13,24.655999999999995,{},19.62799999999999,{}
1565656216041,2019-08-12 18:30:16,24.511999999999993,{},19.435999999999996,{}
1565658014299,2019-08-12 19:00:14,24.703999999999994,{},19.339999999999996,{}
1565659816833,2019-08-12 19:30:16,24.901999999999997,{},19.339999999999996,{}
1565661614084,2019-08-12 20:00:14,24.655999999999995,{},19.147999999999993,{}
1565663415019,2019-08-12 20:30:15,24.55999999999999,{},19.147999999999993,{}
1565665213734,2019-08-12 21:00:13,24.367999999999988,{},19.051999999999996,{}
1565667015304,2019-08-12 21:30:15,24.55999999999999,{},19.003999999999994,{}
1565668815852,2019-08-12 22:00:15,24.46399999999999,{},18.757999999999992,{}
1565670615077,2019-08-12 22:30:15,24.416,{},19.003999999999994,{}
1565674215862,2019-08-12 23:30:15,24.511999999999993,{},19.003999999999994,{}
1565676016063,2019-08-13 00:00:16,24.079999999999995,{},18.859999999999992,{}
1565677815437,2019-08-13 00:30:15,24.367999999999988,{},18.90799999999999,{}
1565679613511,2019-08-13 01:00:13,24.223999999999997,{},18.757999999999992,{}
1565681415453,2019-08-13 01:30:15,24.223999999999997,{},18.757999999999992,{}
1565685015709,2019-08-13 02:30:15,23.929999999999996,{},18.566,{}
1565686813975,2019-08-13 03:00:13,24.319999999999997,{},18.661999999999995,{}
1565688613960,2019-08-13 03:30:13,24.031999999999996,{},18.757999999999992,{}
1565690415384,2019-08-13 04:00:15,24.127999999999993,{},18.661999999999995,{}
1565692213478,2019-08-13 04:30:13,23.983999999999995,{},18.47,{}
1565694016610,2019-08-13 05:00:16,24.031999999999996,{},18.566,{}
1565695814621,2019-08-13 05:30:14,24.031999999999996,{},18.566,{}
1565697616441,2019-08-13 06:00:16,24.031999999999996,{},18.51799999999999,{}
1565699414018,2019-08-13 06:30:14,23.929999999999996,{},18.47,{}
1565701213795,2019-08-13 07:00:13,23.983999999999995,{},18.422,{}
1565703015472,2019-08-13 07:30:15,24.079999999999995,{},18.422,{}
1565704813362,2019-08-13 08:00:13,23.881999999999998,{},18.422,{}
1565706614992,2019-08-13 08:30:14,23.881999999999998,{},18.325999999999997,{}
1565708414790,2019-08-13 09:00:14,23.983999999999995,{},18.229999999999997,{}
1565710213429,2019-08-13 09:30:13,23.785999999999994,{},18.325999999999997,{}
1565712016491,2019-08-13 10:00:16,24.031999999999996,{},18.422,{}
1565717414301,2019-08-13 11:30:14,23.689999999999994,{},18.325999999999997,{}
1565719215871,2019-08-13 12:00:15,23.641999999999996,{},18.566,{}
1565721013208,2019-08-13 12:30:13,23.689999999999994,{},18.422,{}
1565722815462,2019-08-13 13:00:15,23.305999999999997,{},18.182,{}
1565724615433,2019-08-13 13:30:15,23.25799999999999,{},18.133999999999993,{}
1565726414662,2019-08-13 14:00:14,22.675999999999995,{},18.085999999999995,{}
1565728215009,2019-08-13 14:30:15,22.772,{},17.839999999999996,{}
1565730014378,2019-08-13 15:00:14,22.189999999999994,{},17.839999999999996,{}
1565731816798,2019-08-13 15:30:16,22.483999999999995,{},17.456,{}
1565733614819,2019-08-13 16:00:14,21.853999999999996,{},17.599999999999994,{}
1565735413519,2019-08-13 16:30:13,21.949999999999996,{},17.36,{}
1565737216785,2019-08-13 17:00:16,21.421999999999997,{},17.167999999999996,{}
1565739014757,2019-08-13 17:30:14,21.175999999999995,{},17.119999999999997,{}
1565740815013,2019-08-13 18:00:15,20.839999999999996,{},16.873999999999995,{}
1565742615040,2019-08-13 18:30:15,21.031999999999996,{},16.729999999999993,{}
1565744413561,2019-08-13 19:00:13,20.599999999999994,{},16.681999999999995,{}
1565746213985,2019-08-13 19:30:13,20.647999999999993,{},16.825999999999997,{}
1565748013704,2019-08-13 20:00:13,20.353999999999996,{},16.585999999999995,{}
1565749815320,2019-08-13 20:30:15,20.497999999999994,{},16.681999999999995,{}
1565751613322,2019-08-13 21:00:13,20.647999999999993,{},16.346,{}
1565753414581,2019-08-13 21:30:14,20.305999999999997,{},16.39399999999999,{}
1565755215497,2019-08-13 22:00:15,20.305999999999997,{},16.489999999999995,{}
1565757016737,2019-08-13 22:30:16,20.305999999999997,{},16.29799999999999,{}
1565758814748,2019-08-13 23:00:14,20.209999999999994,{},16.29799999999999,{}
1565760614063,2019-08-13 23:30:14,20.065999999999995,{},16.195999999999998,{}
1565762415948,2019-08-14 00:00:15,20.01799999999999,{},16.195999999999998,{}
1565764213706,2019-08-14 00:30:13,20.113999999999994,{},16.14799999999999,{}
1565766015286,2019-08-14 01:00:15,20.01799999999999,{},16.29799999999999,{}
1565767814149,2019-08-14 01:30:14,20.113999999999994,{},16.14799999999999,{}
1565769615278,2019-08-14 02:00:15,19.96999999999999,{},16.243999999999993,{}
1565771415125,2019-08-14 02:30:15,19.87399999999999,{},16.243999999999993,{}
1565773214888,2019-08-14 03:00:14,19.77799999999999,{},15.907999999999994,{}
1565775015762,2019-08-14 03:30:15,19.87399999999999,{},16.003999999999998,{}
1565776815087,2019-08-14 04:00:15,19.87399999999999,{},15.955999999999998,{}
1565778613918,2019-08-14 04:30:13,19.921999999999997,{},15.907999999999994,{}
1565780417047,2019-08-14 05:00:17,19.826,{},15.907999999999994,{}
1565782245037,2019-08-14 05:30:45,19.77799999999999,{},15.907999999999994,{}
1565784015064,2019-08-14 06:00:15,19.826,{},16.003999999999998,{}
1565785813251,2019-08-14 06:30:13,19.77799999999999,{},15.811999999999998,{}
1565789415772,2019-08-14 07:30:15,19.532,{},15.859999999999996,{}
1565791228273,2019-08-14 08:00:28,19.532,{},15.955999999999998,{}
1565793014713,2019-08-14 08:30:14,19.62799999999999,{},15.811999999999998,{}
1565794814136,2019-08-14 09:00:14,19.483999999999995,{},16.003999999999998,{}
1565796616368,2019-08-14 09:30:16,19.435999999999996,{},15.859999999999996,{}
1565798415599,2019-08-14 10:00:15,19.729999999999997,{},15.811999999999998,{}
1565800216324,2019-08-14 10:30:16,19.682,{},15.859999999999996,{}
1565802016733,2019-08-14 11:00:16,19.339999999999996,{},16.099999999999998,{}
1565803814661,2019-08-14 11:30:14,19.483999999999995,{},16.195999999999998,{}
1565805615058,2019-08-14 12:00:15,19.003999999999994,{},16.052,{}
1565807414017,2019-08-14 12:30:14,18.90799999999999,{},16.099999999999998,{}
1565809227754,2019-08-14 13:00:27,18.955999999999996,{},16.099999999999998,{}
1565811013949,2019-08-14 13:30:13,18.90799999999999,{},16.099999999999998,{}
1565812815500,2019-08-14 14:00:15,18.422,{},16.14799999999999,{}
1565814615955,2019-08-14 14:30:15,18.373999999999995,{},15.907999999999994,{}
1565816412981,2019-08-14 15:00:12,17.88799999999999,{},15.811999999999998,{}
1565818215098,2019-08-14 15:30:15,17.695999999999994,{},15.859999999999996,{}
1565820014969,2019-08-14 16:00:14,17.695999999999994,{},15.811999999999998,{}
1565821814869,2019-08-14 16:30:14,17.743999999999993,{},15.715999999999998,{}
1565823613627,2019-08-14 17:00:13,17.456,{},15.715999999999998,{}
1565825414006,2019-08-14 17:30:14,17.312,{},15.667999999999992,{}
1565827215086,2019-08-14 18:00:15,17.119999999999997,{},15.475999999999996,{}
1565829015269,2019-08-14 18:30:15,16.873999999999995,{},15.475999999999996,{}
1565830815224,2019-08-14 19:00:15,16.969999999999995,{},15.277999999999992,{}
1565832615118,2019-08-14 19:30:15,16.77799999999999,{},15.277999999999992,{}
1565836216248,2019-08-14 20:30:16,16.873999999999995,{},15.085999999999999,{}
1565838013585,2019-08-14 21:00:13,16.77799999999999,{},14.989999999999998,{}
1565839815517,2019-08-14 21:30:15,16.585999999999995,{},15.133999999999991,{}
1565841614932,2019-08-14 22:00:14,16.585999999999995,{},14.942,{}
1565843415175,2019-08-14 22:30:15,16.585999999999995,{},14.893999999999997,{}
1565845214428,2019-08-14 23:00:14,16.489999999999995,{},14.942,{}
1565847014318,2019-08-14 23:30:14,16.489999999999995,{},14.942,{}
1565848815525,2019-08-15 00:00:15,16.441999999999997,{},14.701999999999998,{}
1565850614894,2019-08-15 00:30:14,16.441999999999997,{},15.03799999999999,{}
1565852416814,2019-08-15 01:00:16,16.099999999999998,{},14.893999999999997,{}
1565854213188,2019-08-15 01:30:13,16.441999999999997,{},14.749999999999996,{}
1565857816269,2019-08-15 02:30:16,16.39399999999999,{},14.701999999999998,{}
1565859613801,2019-08-15 03:00:13,16.003999999999998,{},14.797999999999995,{}
1565861416347,2019-08-15 03:30:16,15.955999999999998,{},14.797999999999995,{}
1565863213565,2019-08-15 04:00:13,16.052,{},14.653999999999995,{}
1565865015379,2019-08-15 04:30:15,15.955999999999998,{},14.749999999999996,{}
1565866816285,2019-08-15 05:00:16,16.052,{},14.749999999999996,{}
1565872214525,2019-08-15 06:30:14,15.811999999999998,{},14.749999999999996,{}
1565874016167,2019-08-15 07:00:16,15.955999999999998,{},14.605999999999996,{}
1565875815409,2019-08-15 07:30:15,16.003999999999998,{},14.605999999999996,{}
1565879415712,2019-08-15 08:30:15,16.14799999999999,{},14.557999999999993,{}
1565881214037,2019-08-15 09:00:14,15.763999999999994,{},14.557999999999993,{}
1565883014996,2019-08-15 09:30:14,15.907999999999994,{},14.701999999999998,{}
1565884814124,2019-08-15 10:00:14,16.052,{},14.503999999999994,{}
1565886615449,2019-08-15 10:30:15,16.243999999999993,{},14.893999999999997,{}
1565888415001,2019-08-15 11:00:15,16.099999999999998,{},14.942,{}
1565890215773,2019-08-15 11:30:15,15.955999999999998,{},15.03799999999999,{}
1565892015052,2019-08-15 12:00:15,16.052,{},14.989999999999998,{}
1565893814932,2019-08-15 12:30:14,16.099999999999998,{},14.989999999999998,{}
1565895614658,2019-08-15 13:00:14,15.955999999999998,{},14.989999999999998,{}
1565897414515,2019-08-15 13:30:14,15.907999999999994,{},14.942,{}
1565899215688,2019-08-15 14:00:15,15.715999999999998,{},15.085999999999999,{}
1565901016762,2019-08-15 14:30:16,15.907999999999994,{},15.03799999999999,{}
1565902815150,2019-08-15 15:00:15,15.859999999999996,{},14.989999999999998,{}
1565904613278,2019-08-15 15:30:13,15.325999999999995,{},14.942,{}
1565906415671,2019-08-15 16:00:15,15.03799999999999,{},14.845999999999998,{}
1565908215378,2019-08-15 16:30:15,15.133999999999991,{},14.653999999999995,{}
1565910014199,2019-08-15 17:00:14,14.989999999999998,{},14.701999999999998,{}
1565911815306,2019-08-15 17:30:15,14.893999999999997,{},14.557999999999993,{}
1565913613354,2019-08-15 18:00:13,14.701999999999998,{},14.455999999999996,{}
1565915413293,2019-08-15 18:30:13,14.797999999999995,{},14.263999999999994,{}
1565917215528,2019-08-15 19:00:15,14.749999999999996,{},14.407999999999992,{}
1565919014326,2019-08-15 19:30:14,14.893999999999997,{},14.215999999999996,{}
1565920815167,2019-08-15 20:00:15,14.749999999999996,{},14.167999999999992,{}
1565922613104,2019-08-15 20:30:13,14.557999999999993,{},14.263999999999994,{}
1565924414375,2019-08-15 21:00:14,14.701999999999998,{},13.92799999999999,{}
1565929816658,2019-08-15 22:30:16,14.359999999999996,{},13.783999999999995,{}
1565931612686,2019-08-15 23:00:12,14.407999999999992,{},13.975999999999999,{}
1565933414979,2019-08-15 23:30:14,14.359999999999996,{},13.92799999999999,{}
1565935213501,2019-08-16 00:00:13,14.311999999999998,{},13.975999999999999,{}
1565937016160,2019-08-16 00:30:16,14.503999999999994,{},13.879999999999997,{}
1565938814905,2019-08-16 01:00:14,14.263999999999994,{},14.023999999999992,{}
1565940615306,2019-08-16 01:30:15,14.359999999999996,{},13.879999999999997,{}
1565942415609,2019-08-16 02:00:15,13.975999999999999,{},13.783999999999995,{}
1565944215372,2019-08-16 02:30:15,14.119999999999994,{},13.879999999999997,{}
1565946016350,2019-08-16 03:00:16,14.455999999999996,{},13.682,{}
1565947814262,2019-08-16 03:30:14,14.263999999999994,{},13.783999999999995,{}
1565949614070,2019-08-16 04:00:14,14.167999999999992,{},13.735999999999999,{}
1565951416734,2019-08-16 04:30:16,14.311999999999998,{},13.633999999999997,{}
1565953214189,2019-08-16 05:00:14,14.071999999999996,{},13.633999999999997,{}
1565955015155,2019-08-16 05:30:15,14.071999999999996,{},13.537999999999995,{}
1565956813568,2019-08-16 06:00:13,14.119999999999994,{},13.585999999999999,{}
1565962216434,2019-08-16 07:30:16,14.071999999999996,{},13.585999999999999,{}
1565965843065,2019-08-16 08:30:43,14.263999999999994,{},13.832,{}
1565965845016,2019-08-16 08:30:45,14.263999999999994,{},13.832,{}
1565967615241,2019-08-16 09:00:15,14.167999999999992,{},13.735999999999999,{}
1565969415412,2019-08-16 09:30:15,14.215999999999996,{},13.682,{}
1565971214282,2019-08-16 10:00:14,14.215999999999996,{},13.783999999999995,{}
1565980215856,2019-08-16 12:30:15,14.455999999999996,{},14.215999999999996,{}
1565982014587,2019-08-16 13:00:14,13.975999999999999,{},13.975999999999999,{}
1565983814181,2019-08-16 13:30:14,14.167999999999992,{},14.215999999999996,{}
1565985616610,2019-08-16 14:00:16,14.215999999999996,{},14.359999999999996,{}
1565987413769,2019-08-16 14:30:13,14.167999999999992,{},14.311999999999998,{}
1565989216211,2019-08-16 15:00:16,14.167999999999992,{},14.215999999999996,{}
1565991013050,2019-08-16 15:30:13,14.119999999999994,{},14.215999999999996,{}
1565996415446,2019-08-16 17:00:15,13.735999999999999,{},13.92799999999999,{}
1565998216983,2019-08-16 17:30:16,13.735999999999999,{},13.783999999999995,{}
1566000014271,2019-08-16 18:00:14,13.633999999999997,{},13.682,{}
1566001815701,2019-08-16 18:30:15,13.585999999999999,{},13.735999999999999,{}
1566003614335,2019-08-16 19:00:14,13.585999999999999,{},13.585999999999999,{}
1566005413237,2019-08-16 19:30:13,13.489999999999997,{},13.585999999999999,{}
1566007215323,2019-08-16 20:00:15,13.345999999999997,{},13.735999999999999,{}
1566009014369,2019-08-16 20:30:14,13.441999999999998,{},13.297999999999993,{}
1566010815525,2019-08-16 21:00:15,13.345999999999997,{},13.393999999999995,{}
1566012615310,2019-08-16 21:30:15,13.105999999999995,{},13.345999999999997,{}
1566014416908,2019-08-16 22:00:16,13.249999999999995,{},13.393999999999995,{}
1566019816434,2019-08-16 23:30:16,13.105999999999995,{},13.201999999999996,{}
1566021612751,2019-08-17 00:00:12,13.105999999999995,{},13.249999999999995,{}
1566023416078,2019-08-17 00:30:16,13.057999999999993,{},13.393999999999995,{}
1566027015821,2019-08-17 01:30:15,13.297999999999993,{},13.201999999999996,{}
1566028815475,2019-08-17 02:00:15,13.153999999999993,{},13.105999999999995,{}
1566030613499,2019-08-17 02:30:13,13.105999999999995,{},13.105999999999995,{}
1566032414299,2019-08-17 03:00:14,12.913999999999993,{},12.961999999999996,{}
1566034214113,2019-08-17 03:30:14,13.105999999999995,{},13.201999999999996,{}
1566036015458,2019-08-17 04:00:15,13.249999999999995,{},13.105999999999995,{}
1566037814122,2019-08-17 04:30:14,13.057999999999993,{},13.105999999999995,{}
1566039614800,2019-08-17 05:00:14,13.201999999999996,{},13.105999999999995,{}
1566041416833,2019-08-17 05:30:16,12.66799999999999,{},13.153999999999993,{}
1566043213676,2019-08-17 06:00:13,13.105999999999995,{},12.866,{}
1566045015447,2019-08-17 06:30:15,13.009999999999994,{},13.105999999999995,{}
1566046816114,2019-08-17 07:00:16,12.961999999999996,{},13.009999999999994,{}
1566048615275,2019-08-17 07:30:15,12.961999999999996,{},12.913999999999993,{}
1566050415118,2019-08-17 08:00:15,12.913999999999993,{},12.961999999999996,{}
1566052216195,2019-08-17 08:30:16,13.297999999999993,{},13.057999999999993,{}
1566054015388,2019-08-17 09:00:15,13.201999999999996,{},12.961999999999996,{}
1566055813824,2019-08-17 09:30:13,13.201999999999996,{},13.249999999999995,{}
1566059415181,2019-08-17 10:30:15,13.249999999999995,{},13.105999999999995,{}
1566061214352,2019-08-17 11:00:14,13.345999999999997,{},13.057999999999993,{}
1566063013131,2019-08-17 11:30:13,12.913999999999993,{},13.057999999999993,{}
1566064814372,2019-08-17 12:00:14,13.345999999999997,{},12.866,{}
1566066615746,2019-08-17 12:30:15,13.297999999999993,{},13.009999999999994,{}
1566068414314,2019-08-17 13:00:14,13.537999999999995,{},13.297999999999993,{}
1566070215148,2019-08-17 13:30:15,13.441999999999998,{},13.345999999999997,{}
1566072014065,2019-08-17 14:00:14,13.682,{},13.345999999999997,{}
1566073814846,2019-08-17 14:30:14,13.345999999999997,{},13.105999999999995,{}
1566075615545,2019-08-17 15:00:15,13.633999999999997,{},13.249999999999995,{}
1566081015637,2019-08-17 16:30:15,13.297999999999993,{},13.249999999999995,{}
1566082815309,2019-08-17 17:00:15,13.201999999999996,{},13.009999999999994,{}
1566084614573,2019-08-17 17:30:14,13.441999999999998,{},13.249999999999995,{}
1566086414057,2019-08-17 18:00:14,13.153999999999993,{},13.201999999999996,{}
1566091815983,2019-08-17 19:30:15,13.105999999999995,{},12.961999999999996,{}
1566093613359,2019-08-17 20:00:13,13.153999999999993,{},12.913999999999993,{}
1566095413714,2019-08-17 20:30:13,13.153999999999993,{},12.961999999999996,{}
1566097214864,2019-08-17 21:00:14,13.201999999999996,{},12.866,{}
1566099013157,2019-08-17 21:30:13,13.153999999999993,{},12.866,{}
1566100815489,2019-08-17 22:00:15,12.913999999999993,{},12.961999999999996,{}
1566102614563,2019-08-17 22:30:14,13.009999999999994,{},12.866,{}
1566104417684,2019-08-17 23:00:17,12.812000000000001,{},13.057999999999993,{}
1566106213586,2019-08-17 23:30:13,13.153999999999993,{},12.716,{}
1566108013872,2019-08-18 00:00:13,12.913999999999993,{},12.913999999999993,{}
1566109816132,2019-08-18 00:30:16,12.913999999999993,{},12.716,{}
1566111612744,2019-08-18 01:00:12,13.057999999999993,{},12.66799999999999,{}
1566113415292,2019-08-18 01:30:15,13.009999999999994,{},12.812000000000001,{}
1566115215318,2019-08-18 02:00:15,12.763999999999992,{},12.716,{}
1566117016337,2019-08-18 02:30:16,12.866,{},12.619999999999997,{}
1566118814495,2019-08-18 03:00:14,12.66799999999999,{},12.66799999999999,{}
1566120612446,2019-08-18 03:30:12,12.716,{},12.812000000000001,{}
1566122415947,2019-08-18 04:00:15,12.716,{},12.619999999999997,{}
1566124214532,2019-08-18 04:30:14,12.763999999999992,{},12.66799999999999,{}
1566126017034,2019-08-18 05:00:17,12.961999999999996,{},12.619999999999997,{}
1566127815525,2019-08-18 05:30:15,12.913999999999993,{},12.523999999999996,{}
1566129615906,2019-08-18 06:00:15,12.66799999999999,{},12.763999999999992,{}
1566131415330,2019-08-18 06:30:15,12.866,{},12.763999999999992,{}
1566133215231,2019-08-18 07:00:15,12.913999999999993,{},12.812000000000001,{}
1566135016826,2019-08-18 07:30:16,12.913999999999993,{},12.866,{}
1566136813584,2019-08-18 08:00:13,12.812000000000001,{},12.716,{}
1566138614670,2019-08-18 08:30:14,12.66799999999999,{},12.763999999999992,{}
1566140415346,2019-08-18 09:00:15,12.866,{},12.763999999999992,{}
1566142213312,2019-08-18 09:30:13,12.716,{},12.619999999999997,{}
1566144015789,2019-08-18 10:00:15,12.763999999999992,{},12.812000000000001,{}
1566145814936,2019-08-18 10:30:14,13.009999999999994,{},12.763999999999992,{}
1566147616287,2019-08-18 11:00:16,12.866,{},12.866,{}
1566149412518,2019-08-18 11:30:12,13.489999999999997,{},12.812000000000001,{}
1566151223873,2019-08-18 12:00:23,13.297999999999993,{},13.153999999999993,{}
1566153015510,2019-08-18 12:30:15,13.345999999999997,{},13.345999999999997,{}
1566154813437,2019-08-18 13:00:13,13.489999999999997,{},13.249999999999995,{}
1566156615758,2019-08-18 13:30:15,13.489999999999997,{},13.153999999999993,{}
1566158413538,2019-08-18 14:00:13,13.585999999999999,{},13.249999999999995,{}
1566160215937,2019-08-18 14:30:15,13.633999999999997,{},13.345999999999997,{}
1566162013680,2019-08-18 15:00:13,13.682,{},13.393999999999995,{}
1566167414956,2019-08-18 16:30:14,13.297999999999993,{},13.153999999999993,{}
1566169214812,2019-08-18 17:00:14,13.585999999999999,{},13.057999999999993,{}
1566171016956,2019-08-18 17:30:16,13.153999999999993,{},12.961999999999996,{}
1566172816134,2019-08-18 18:00:16,13.249999999999995,{},13.105999999999995,{}
1566174615088,2019-08-18 18:30:15,13.057999999999993,{},12.961999999999996,{}
1566176413487,2019-08-18 19:00:13,12.812000000000001,{},12.812000000000001,{}
1566178215858,2019-08-18 19:30:15,12.866,{},13.105999999999995,{}
1566180013957,2019-08-18 20:00:13,12.619999999999997,{},12.716,{}
1566181816919,2019-08-18 20:30:16,12.866,{},12.763999999999992,{}
1566183613815,2019-08-18 21:00:13,13.009999999999994,{},12.763999999999992,{}
1566185414888,2019-08-18 21:30:14,13.009999999999994,{},12.572,{}
1566187215272,2019-08-18 22:00:15,12.961999999999996,{},12.379999999999997,{}
1566189013378,2019-08-18 22:30:13,12.763999999999992,{},12.523999999999996,{}
1566190814897,2019-08-18 23:00:14,12.866,{},12.66799999999999,{}
1566192614003,2019-08-18 23:30:14,12.523999999999996,{},12.572,{}
1566194415517,2019-08-19 00:00:15,12.866,{},12.427999999999994,{}
1566196215306,2019-08-19 00:30:15,12.812000000000001,{},12.572,{}
1566198014383,2019-08-19 01:00:14,12.716,{},12.475999999999999,{}
1566199815950,2019-08-19 01:30:15,12.716,{},12.475999999999999,{}
1566201614647,2019-08-19 02:00:14,12.475999999999999,{},12.763999999999992,{}
1566203441724,2019-08-19 02:30:41,12.572,{},12.523999999999996,{}
1566205216014,2019-08-19 03:00:16,12.812000000000001,{},12.66799999999999,{}
1566210616954,2019-08-19 04:30:16,12.66799999999999,{},12.619999999999997,{}
1566214215494,2019-08-19 05:30:15,12.572,{},12.572,{}
1566216014772,2019-08-19 06:00:14,12.379999999999997,{},12.523999999999996,{}
1566217812860,2019-08-19 06:30:12,12.66799999999999,{},12.619999999999997,{}
1566219615475,2019-08-19 07:00:15,12.523999999999996,{},12.379999999999997,{}
1566221413248,2019-08-19 07:30:13,13.057999999999993,{},15.427999999999992,{}
1566223213268,2019-08-19 08:00:13,20.599999999999994,{},27.943999999999992,{}
1566225015613,2019-08-19 08:30:15,24.60799999999999,{},27.847999999999995,{}
1566226815010,2019-08-19 09:00:15,24.703999999999994,{},27.169999999999995,{}
1566228615927,2019-08-19 09:30:15,24.751999999999995,{},26.785999999999994,{}
1566230414185,2019-08-19 10:00:14,24.805999999999994,{},26.491999999999997,{}
1566232214021,2019-08-19 10:30:14,24.853999999999992,{},26.155999999999995,{}
1566234015146,2019-08-19 11:00:15,24.60799999999999,{},25.72399999999999,{}
1566235818265,2019-08-19 11:30:18,25.141999999999996,{},25.526,{}
1566237615454,2019-08-19 12:00:15,24.805999999999994,{},24.901999999999997,{}
1566239414273,2019-08-19 12:30:14,24.60799999999999,{},24.319999999999997,{}
1566241216804,2019-08-19 13:00:16,24.272,{},23.833999999999993,{}
1566243016088,2019-08-19 13:30:16,24.079999999999995,{},23.25799999999999,{}
1566244812683,2019-08-19 14:00:12,23.833999999999993,{},22.723999999999993,{}
1566246615133,2019-08-19 14:30:15,23.449999999999992,{},22.09399999999999,{}
1566248415130,2019-08-19 15:00:15,22.963999999999995,{},21.517999999999994,{}
1566250215126,2019-08-19 15:30:15,22.963999999999995,{},21.175999999999995,{}
1566252013688,2019-08-19 16:00:13,22.627999999999993,{},20.647999999999993,{}
1566257416251,2019-08-19 17:30:16,22.189999999999994,{},19.58,{}
1566259216235,2019-08-19 18:00:16,21.99799999999999,{},19.58,{}
1566261014518,2019-08-19 18:30:14,21.949999999999996,{},19.339999999999996,{}
1566262814805,2019-08-19 19:00:14,21.709999999999997,{},19.195999999999998,{}
1566264613085,2019-08-19 19:30:13,21.517999999999994,{},18.859999999999992,{}
1566266415188,2019-08-19 20:00:15,21.662,{},18.955999999999996,{}
1566268215115,2019-08-19 20:30:15,21.709999999999997,{},18.90799999999999,{}
1566270015178,2019-08-19 21:00:15,21.662,{},18.566,{}
1566271815177,2019-08-19 21:30:15,21.517999999999994,{},18.709999999999994,{}
1566273614018,2019-08-19 22:00:14,21.613999999999994,{},18.661999999999995,{}
1566275414843,2019-08-19 22:30:14,21.271999999999995,{},18.566,{}
1566277213188,2019-08-19 23:00:13,21.662,{},18.47,{}
1566279014713,2019-08-19 23:30:14,21.421999999999997,{},18.47,{}
1566280813934,2019-08-20 00:00:13,21.319999999999993,{},18.325999999999997,{}
1566282613137,2019-08-20 00:30:13,21.36799999999999,{},18.373999999999995,{}
1566284416298,2019-08-20 01:00:16,21.127999999999993,{},18.422,{}
1566286213361,2019-08-20 01:30:13,21.319999999999993,{},18.277999999999995,{}
1566288013402,2019-08-20 02:00:13,20.98399999999999,{},18.277999999999995,{}
1566289815249,2019-08-20 02:30:15,21.223999999999993,{},18.182,{}
1566291613567,2019-08-20 03:00:13,25.237999999999992,{},26.107999999999993,{}
1566293414464,2019-08-20 03:30:14,26.299999999999997,{},26.785999999999994,{}
1566295215106,2019-08-20 04:00:15,26.299999999999997,{},26.545999999999996,{}
1566297016574,2019-08-20 04:30:16,25.96399999999999,{},26.347999999999992,{}
1566298813466,2019-08-20 05:00:13,26.107999999999993,{},26.395999999999997,{}
1566300614450,2019-08-20 05:30:14,26.155999999999995,{},26.252,{}
1566302416958,2019-08-20 06:00:16,26.107999999999993,{},25.96399999999999,{}
1566304214278,2019-08-20 06:30:14,26.107999999999993,{},26.059999999999995,{}
1566306015567,2019-08-20 07:00:15,25.86799999999999,{},25.86799999999999,{}
1566307815513,2019-08-20 07:30:15,25.915999999999993,{},25.819999999999993,{}
1566309624456,2019-08-20 08:00:24,25.915999999999993,{},25.526,{}
1566311415470,2019-08-20 08:30:15,25.915999999999993,{},25.57399999999999,{}
1566313215224,2019-08-20 09:00:15,26.011999999999997,{},25.429999999999996,{}
1566315014292,2019-08-20 09:30:14,25.819999999999993,{},25.237999999999992,{}
1566316814274,2019-08-20 10:00:14,25.915999999999993,{},25.429999999999996,{}
1566318615319,2019-08-20 10:30:15,25.675999999999995,{},25.333999999999996,{}
1566320413237,2019-08-20 11:00:13,25.47799999999999,{},24.853999999999992,{}
1566322213962,2019-08-20 11:30:13,25.333999999999996,{},24.60799999999999,{}
1566324038286,2019-08-20 12:00:38,25.141999999999996,{},24.223999999999997,{}
1566329414991,2019-08-20 13:30:14,24.127999999999993,{},22.627999999999993,{}
1566331215396,2019-08-20 14:00:15,24.127999999999993,{},22.046,{}
1566333014486,2019-08-20 14:30:14,23.689999999999994,{},21.709999999999997,{}
1566334816170,2019-08-20 15:00:16,23.689999999999994,{},21.223999999999993,{}
1566336616947,2019-08-20 15:30:16,23.401999999999994,{},20.647999999999993,{}
1566338414110,2019-08-20 16:00:14,23.209999999999997,{},20.497999999999994,{}
1566340216226,2019-08-20 16:30:16,22.867999999999995,{},19.921999999999997,{}
1566342034864,2019-08-20 17:00:34,22.531999999999996,{},19.483999999999995,{}
1566347414729,2019-08-20 18:30:14,22.243999999999993,{},18.859999999999992,{}
1566349214725,2019-08-20 19:00:14,22.243999999999993,{},18.859999999999992,{}
1566351015781,2019-08-20 19:30:15,21.949999999999996,{},18.51799999999999,{}
1566352815000,2019-08-20 20:00:15,22.09399999999999,{},18.47,{}
1566354614259,2019-08-20 20:30:14,21.949999999999996,{},18.47,{}
1566356414175,2019-08-20 21:00:14,21.853999999999996,{},18.51799999999999,{}
1566358216551,2019-08-20 21:30:16,21.902,{},18.51799999999999,{}
1566360013696,2019-08-20 22:00:13,21.949999999999996,{},18.277999999999995,{}
1566361816566,2019-08-20 22:30:16,21.949999999999996,{},18.277999999999995,{}
1566363612994,2019-08-20 23:00:12,21.853999999999996,{},18.325999999999997,{}
1566365414277,2019-08-20 23:30:14,21.949999999999996,{},18.182,{}
1566367215372,2019-08-21 00:00:15,21.902,{},18.133999999999993,{}
1566369014924,2019-08-21 00:30:14,21.805999999999997,{},18.085999999999995,{}
1566370816457,2019-08-21 01:00:16,21.662,{},18.085999999999995,{}
1566372612823,2019-08-21 01:30:12,21.709999999999997,{},18.085999999999995,{}
1566374416242,2019-08-21 02:00:16,21.757999999999996,{},17.935999999999996,{}
1566376213614,2019-08-21 02:30:13,21.421999999999997,{},18.085999999999995,{}
1566378014182,2019-08-21 03:00:14,26.785999999999994,{},26.689999999999998,{}
1566379813942,2019-08-21 03:30:13,27.313999999999993,{},27.415999999999997,{}
1566381615062,2019-08-21 04:00:15,27.217999999999993,{},27.025999999999996,{}
1566383416914,2019-08-21 04:30:16,26.929999999999993,{},27.025999999999996,{}
1566385214325,2019-08-21 05:00:14,27.07399999999999,{},26.785999999999994,{}
1566387015355,2019-08-21 05:30:15,26.642,{},26.593999999999994,{}
1566388815101,2019-08-21 06:00:15,26.642,{},26.347999999999992,{}
1566390614636,2019-08-21 06:30:14,26.545999999999996,{},26.347999999999992,{}
1566392415210,2019-08-21 07:00:15,26.642,{},26.155999999999995,{}
1566394214092,2019-08-21 07:30:14,26.545999999999996,{},26.155999999999995,{}
1566396015359,2019-08-21 08:00:15,26.642,{},26.155999999999995,{}
1566397813794,2019-08-21 08:30:13,26.347999999999992,{},26.011999999999997,{}
1566399614634,2019-08-21 09:00:14,26.545999999999996,{},25.915999999999993,{}
1566401415092,2019-08-21 09:30:15,26.347999999999992,{},25.86799999999999,{}
1566403214981,2019-08-21 10:00:14,26.299999999999997,{},25.72399999999999,{}
1566405014790,2019-08-21 10:30:14,26.299999999999997,{},25.675999999999995,{}
1566406813576,2019-08-21 11:00:13,26.155999999999995,{},25.47799999999999,{}
1566408615628,2019-08-21 11:30:15,25.72399999999999,{},25.189999999999994,{}
1566410414200,2019-08-21 12:00:14,26.011999999999997,{},24.655999999999995,{}
1566412213635,2019-08-21 12:30:13,25.381999999999998,{},24.272,{}
1566414014950,2019-08-21 13:00:14,25.429999999999996,{},23.983999999999995,{}
1566415813528,2019-08-21 13:30:13,25.285999999999998,{},23.545999999999996,{}
1566417615478,2019-08-21 14:00:15,24.997999999999994,{},22.867999999999995,{}
1566419413676,2019-08-21 14:30:13,24.751999999999995,{},22.579999999999995,{}
1566424816217,2019-08-21 16:00:16,24.511999999999993,{},21.805999999999997,{}
1566426616484,2019-08-21 16:30:16,24.223999999999997,{},21.469999999999995,{}
1566428413711,2019-08-21 17:00:13,24.176,{},21.565999999999995,{}
1566430214362,2019-08-21 17:30:14,24.127999999999993,{},21.517999999999994,{}
1566432014301,2019-08-21 18:00:14,24.031999999999996,{},21.421999999999997,{}
1566433816977,2019-08-21 18:30:16,24.223999999999997,{},21.319999999999993,{}
1566435613749,2019-08-21 19:00:13,23.737999999999992,{},21.175999999999995,{}
1566437414686,2019-08-21 19:30:14,24.031999999999996,{},20.936,{}
1566439216633,2019-08-21 20:00:16,23.833999999999993,{},21.079999999999995,{}
1566441013462,2019-08-21 20:30:13,23.983999999999995,{},20.791999999999998,{}
1566442815316,2019-08-21 21:00:15,23.833999999999993,{},20.791999999999998,{}
1566448214488,2019-08-21 22:30:14,23.689999999999994,{},20.552,{}
1566450017333,2019-08-21 23:00:17,23.737999999999992,{},20.599999999999994,{}
1566451814477,2019-08-21 23:30:14,23.785999999999994,{},20.599999999999994,{}
1566453614184,2019-08-22 00:00:14,24.853999999999992,{},25.57399999999999,{}
1566455415078,2019-08-22 00:30:15,27.415999999999997,{},27.121999999999996,{}
1566457213523,2019-08-22 01:00:13,27.415999999999997,{},27.313999999999993,{}
1566459015748,2019-08-22 01:30:15,27.36799999999999,{},27.265999999999995,{}
1566460815724,2019-08-22 02:00:15,27.217999999999993,{},27.025999999999996,{}
1566462615444,2019-08-22 02:30:15,27.07399999999999,{},26.97799999999999,{}
1566464414740,2019-08-22 03:00:14,27.07399999999999,{},26.929999999999993,{}
1566466214009,2019-08-22 03:30:14,26.881999999999994,{},26.833999999999993,{}
1566471615005,2019-08-22 05:00:15,27.025999999999996,{},26.593999999999994,{}
1566473414496,2019-08-22 05:30:14,27.025999999999996,{},26.545999999999996,{}
1566475216185,2019-08-22 06:00:16,26.833999999999993,{},26.395999999999997,{}
1566475245961,2019-08-22 06:00:45,26.833999999999993,{},26.395999999999997,{}
1566477016832,2019-08-22 06:30:16,26.785999999999994,{},26.299999999999997,{}
1566478813934,2019-08-22 07:00:13,26.833999999999993,{},26.252,{}
1566480614932,2019-08-22 07:30:14,26.73799999999999,{},26.059999999999995,{}
1566482415622,2019-08-22 08:00:15,26.73799999999999,{},26.059999999999995,{}
1566484215281,2019-08-22 08:30:15,26.491999999999997,{},26.059999999999995,{}
1566486016982,2019-08-22 09:00:16,26.593999999999994,{},26.107999999999993,{}
1566487815817,2019-08-22 09:30:15,26.347999999999992,{},25.915999999999993,{}
1566489615009,2019-08-22 10:00:15,26.73799999999999,{},25.819999999999993,{}
1566491413571,2019-08-22 10:30:13,26.395999999999997,{},25.72399999999999,{}
1566493226298,2019-08-22 11:00:26,26.347999999999992,{},25.526,{}
1566495016749,2019-08-22 11:30:16,26.059999999999995,{},25.285999999999998,{}
1566496814254,2019-08-22 12:00:14,26.059999999999995,{},24.997999999999994,{}
1566498615300,2019-08-22 12:30:15,25.621999999999996,{},24.655999999999995,{}
1566500415165,2019-08-22 13:00:15,25.57399999999999,{},24.223999999999997,{}
1566502214656,2019-08-22 13:30:14,25.381999999999998,{},23.785999999999994,{}
1566504014172,2019-08-22 14:00:14,25.429999999999996,{},23.881999999999998,{}
1566505813945,2019-08-22 14:30:13,25.141999999999996,{},23.449999999999992,{}
1566507617222,2019-08-22 15:00:17,25.333999999999996,{},23.353999999999992,{}
1566509415572,2019-08-22 15:30:15,24.949999999999996,{},23.209999999999997,{}
1566511216141,2019-08-22 16:00:16,24.853999999999992,{},22.915999999999997,{}
1566513014785,2019-08-22 16:30:14,24.511999999999993,{},22.579999999999995,{}
1566514815089,2019-08-22 17:00:15,24.319999999999997,{},22.243999999999993,{}
1566516615392,2019-08-22 17:30:15,24.46399999999999,{},22.09399999999999,{}
1566518415112,2019-08-22 18:00:15,24.416,{},21.902,{}
1566520215135,2019-08-22 18:30:15,24.127999999999993,{},21.709999999999997,{}
1566522015061,2019-08-22 19:00:15,24.176,{},21.517999999999994,{}
1566523816029,2019-08-22 19:30:16,24.031999999999996,{},21.517999999999994,{}
1566525612737,2019-08-22 20:00:12,24.223999999999997,{},21.319999999999993,{}
1566527416106,2019-08-22 20:30:16,24.127999999999993,{},21.319999999999993,{}
1566529218307,2019-08-22 21:00:18,23.881999999999998,{},21.271999999999995,{}
1566531014725,2019-08-22 21:30:14,23.929999999999996,{},21.319999999999993,{}
1566532815583,2019-08-22 22:00:15,23.833999999999993,{},21.175999999999995,{}
1566534614038,2019-08-22 22:30:14,23.983999999999995,{},21.127999999999993,{}
1566536415495,2019-08-22 23:00:15,23.983999999999995,{},21.127999999999993,{}
1566538213106,2019-08-22 23:30:13,23.881999999999998,{},21.127999999999993,{}
1566540016027,2019-08-23 00:00:16,23.881999999999998,{},21.079999999999995,{}
1566540045602,2019-08-23 00:00:45,23.881999999999998,{},21.079999999999995,{}
1566541817496,2019-08-23 00:30:17,27.313999999999993,{},27.752,{}
1566545416215,2019-08-23 01:30:16,27.559999999999995,{},27.752,{}
1566545446071,2019-08-23 01:30:46,27.559999999999995,{},27.752,{}
1566547214615,2019-08-23 02:00:14,27.463999999999988,{},27.65599999999999,{}
1566549013859,2019-08-23 02:30:13,27.559999999999995,{},27.559999999999995,{}
1566550816583,2019-08-23 03:00:16,27.463999999999988,{},27.559999999999995,{}
1566552615278,2019-08-23 03:30:15,27.463999999999988,{},27.511999999999993,{}
1566554415623,2019-08-23 04:00:15,27.415999999999997,{},27.265999999999995,{}
1566556215351,2019-08-23 04:30:15,27.463999999999988,{},27.36799999999999,{}
1566558016183,2019-08-23 05:00:16,27.121999999999996,{},27.169999999999995,{}
1566559815384,2019-08-23 05:30:15,27.121999999999996,{},27.121999999999996,{}
1566561615514,2019-08-23 06:00:15,27.313999999999993,{},27.025999999999996,{}
1566563416762,2019-08-23 06:30:16,27.265999999999995,{},27.025999999999996,{}
1566565212967,2019-08-23 07:00:12,27.217999999999993,{},26.97799999999999,{}
1566567015707,2019-08-23 07:30:15,27.265999999999995,{},27.025999999999996,{}
1566568813530,2019-08-23 08:00:13,27.313999999999993,{},26.833999999999993,{}
1566570615354,2019-08-23 08:30:15,27.60799999999999,{},26.833999999999993,{}
1566572415991,2019-08-23 09:00:15,27.36799999999999,{},26.833999999999993,{}
1566574215944,2019-08-23 09:30:15,27.217999999999993,{},26.689999999999998,{}
1566576014852,2019-08-23 10:00:14,27.07399999999999,{},26.689999999999998,{}
1566577814793,2019-08-23 10:30:14,26.881999999999994,{},26.491999999999997,{}
1566579616419,2019-08-23 11:00:16,26.97799999999999,{},26.443999999999996,{}
1566581414261,2019-08-23 11:30:14,26.929999999999993,{},26.395999999999997,{}
1566583214625,2019-08-23 12:00:14,26.833999999999993,{},26.252,{}
1566585014565,2019-08-23 12:30:14,27.07399999999999,{},26.107999999999993,{}
1566586813640,2019-08-23 13:00:13,26.833999999999993,{},25.915999999999993,{}
1566588616197,2019-08-23 13:30:16,26.785999999999994,{},25.526,{}
1566590414545,2019-08-23 14:00:14,26.785999999999994,{},25.333999999999996,{}
1566592216692,2019-08-23 14:30:16,26.299999999999997,{},24.997999999999994,{}
1566594014504,2019-08-23 15:00:14,26.155999999999995,{},24.46399999999999,{}
1566595814120,2019-08-23 15:30:14,26.059999999999995,{},24.031999999999996,{}
1566597616530,2019-08-23 16:00:16,25.86799999999999,{},23.929999999999996,{}
1566599413837,2019-08-23 16:30:13,25.819999999999993,{},23.545999999999996,{}
1566601216729,2019-08-23 17:00:16,25.675999999999995,{},23.449999999999992,{}
1566603012456,2019-08-23 17:30:12,25.47799999999999,{},23.113999999999997,{}
1566606614612,2019-08-23 18:30:14,25.141999999999996,{},22.963999999999995,{}
1566608414063,2019-08-23 19:00:14,25.189999999999994,{},22.819999999999997,{}
1566610215589,2019-08-23 19:30:15,25.237999999999992,{},22.675999999999995,{}
1566612013637,2019-08-23 20:00:13,25.093999999999994,{},22.723999999999993,{}
1566613816206,2019-08-23 20:30:16,25.045999999999996,{},22.483999999999995,{}
1566615613616,2019-08-23 21:00:13,25.141999999999996,{},22.243999999999993,{}
1566617414695,2019-08-23 21:30:14,24.805999999999994,{},22.339999999999993,{}
1566619215725,2019-08-23 22:00:15,25.141999999999996,{},22.243999999999993,{}
1566621015078,2019-08-23 22:30:15,24.997999999999994,{},22.046,{}
1566622816953,2019-08-23 23:00:16,25.045999999999996,{},22.09399999999999,{}
1566624614309,2019-08-23 23:30:14,25.141999999999996,{},25.189999999999994,{}
1566630016475,2019-08-24 01:00:16,26.545999999999996,{},26.785999999999994,{}
1566631816106,2019-08-24 01:30:16,26.689999999999998,{},26.785999999999994,{}
1566633615188,2019-08-24 02:00:15,26.593999999999994,{},26.689999999999998,{}
1566635415464,2019-08-24 02:30:15,26.689999999999998,{},26.689999999999998,{}
1566637215231,2019-08-24 03:00:15,26.73799999999999,{},26.593999999999994,{}
1566639015928,2019-08-24 03:30:15,26.689999999999998,{},26.593999999999994,{}
1566640817245,2019-08-24 04:00:17,26.73799999999999,{},26.491999999999997,{}
1566642615325,2019-08-24 04:30:15,26.545999999999996,{},26.395999999999997,{}
1566644416427,2019-08-24 05:00:16,26.347999999999992,{},26.347999999999992,{}
1566646214621,2019-08-24 05:30:14,26.395999999999997,{},26.443999999999996,{}
1566648015376,2019-08-24 06:00:15,26.491999999999997,{},26.299999999999997,{}
1566649813991,2019-08-24 06:30:13,26.203999999999994,{},26.107999999999993,{}
1566651614226,2019-08-24 07:00:14,26.252,{},26.203999999999994,{}
1566653416291,2019-08-24 07:30:16,26.155999999999995,{},26.107999999999993,{}
1566655216075,2019-08-24 08:00:16,26.252,{},26.011999999999997,{}
1566657015688,2019-08-24 08:30:15,26.299999999999997,{},26.107999999999993,{}
1566660615382,2019-08-24 09:30:15,26.252,{},26.107999999999993,{}
1566662414133,2019-08-24 10:00:14,26.395999999999997,{},26.059999999999995,{}
1566664214811,2019-08-24 10:30:14,26.299999999999997,{},25.96399999999999,{}
1566666014880,2019-08-24 11:00:14,26.155999999999995,{},25.72399999999999,{}
1566667815320,2019-08-24 11:30:15,26.059999999999995,{},25.57399999999999,{}
1566669615558,2019-08-24 12:00:15,26.059999999999995,{},25.285999999999998,{}
1566671415356,2019-08-24 12:30:15,25.915999999999993,{},24.901999999999997,{}
1566673214570,2019-08-24 13:00:14,25.771999999999995,{},24.55999999999999,{}
1566675016613,2019-08-24 13:30:16,25.526,{},24.223999999999997,{}
1566676814513,2019-08-24 14:00:14,25.381999999999998,{},23.833999999999993,{}
1566678616143,2019-08-24 14:30:16,25.381999999999998,{},23.689999999999994,{}
1566680414699,2019-08-24 15:00:14,25.189999999999994,{},23.209999999999997,{}
1566682215660,2019-08-24 15:30:15,25.093999999999994,{},22.819999999999997,{}
1566684013038,2019-08-24 16:00:13,24.997999999999994,{},22.627999999999993,{}
1566685813677,2019-08-24 16:30:13,24.703999999999994,{},22.189999999999994,{}
1566687614837,2019-08-24 17:00:14,24.55999999999999,{},21.99799999999999,{}
1566689414345,2019-08-24 17:30:14,24.60799999999999,{},21.662,{}
1566691215503,2019-08-24 18:00:15,24.55999999999999,{},21.517999999999994,{}
1566693013866,2019-08-24 18:30:13,24.367999999999988,{},21.421999999999997,{}
1566694814092,2019-08-24 19:00:14,24.319999999999997,{},21.271999999999995,{}
1566696614788,2019-08-24 19:30:14,24.319999999999997,{},21.175999999999995,{}
1566698413170,2019-08-24 20:00:13,24.319999999999997,{},21.079999999999995,{}
1566700215212,2019-08-24 20:30:15,24.223999999999997,{},20.936,{}
1566702015128,2019-08-24 21:00:15,24.223999999999997,{},20.88799999999999,{}
1566703815058,2019-08-24 21:30:15,24.223999999999997,{},20.839999999999996,{}
1566705613647,2019-08-24 22:00:13,24.367999999999988,{},20.791999999999998,{}
1566707414183,2019-08-24 22:30:14,24.272,{},20.839999999999996,{}
1566709215096,2019-08-24 23:00:15,23.881999999999998,{},20.599999999999994,{}
1566711014012,2019-08-24 23:30:14,24.272,{},20.743999999999996,{}
1566712817042,2019-08-25 00:00:17,24.223999999999997,{},20.552,{}
1566714614953,2019-08-25 00:30:14,25.915999999999993,{},24.60799999999999,{}
1566716414609,2019-08-25 01:00:14,26.491999999999997,{},25.333999999999996,{}
1566718214023,2019-08-25 01:30:14,26.642,{},25.526,{}
1566720014745,2019-08-25 02:00:14,26.593999999999994,{},25.57399999999999,{}
1566721816263,2019-08-25 02:30:16,26.545999999999996,{},25.429999999999996,{}
1566723614069,2019-08-25 03:00:14,26.491999999999997,{},25.526,{}
1566725416511,2019-08-25 03:30:16,26.491999999999997,{},25.381999999999998,{}
1566727213960,2019-08-25 04:00:13,26.395999999999997,{},25.429999999999996,{}
1566729012856,2019-08-25 04:30:12,26.491999999999997,{},25.429999999999996,{}
1566730814869,2019-08-25 05:00:14,26.545999999999996,{},25.381999999999998,{}
1566732615522,2019-08-25 05:30:15,26.395999999999997,{},25.285999999999998,{}
1566734415723,2019-08-25 06:00:15,26.299999999999997,{},25.237999999999992,{}
1566736213934,2019-08-25 06:30:13,26.593999999999994,{},25.285999999999998,{}
1566738014944,2019-08-25 07:00:14,26.299999999999997,{},25.381999999999998,{}
1566738044838,2019-08-25 07:00:44,26.299999999999997,{},25.381999999999998,{}
1566738075073,2019-08-25 07:01:15,26.299999999999997,{},25.381999999999998,{}
1566743416268,2019-08-25 08:30:16,26.252,{},25.141999999999996,{}
1566745213858,2019-08-25 09:00:13,26.203999999999994,{},25.285999999999998,{}
1566747015350,2019-08-25 09:30:15,26.395999999999997,{},25.237999999999992,{}
1566747045228,2019-08-25 09:30:45,26.395999999999997,{},25.237999999999992,{}
1566748814196,2019-08-25 10:00:14,26.347999999999992,{},24.997999999999994,{}
1566750615185,2019-08-25 10:30:15,26.299999999999997,{},24.997999999999994,{}
1566754219619,2019-08-25 11:30:19,26.011999999999997,{},24.367999999999988,{}
1566756022481,2019-08-25 12:00:22,25.96399999999999,{},24.223999999999997,{}
1566756052401,2019-08-25 12:00:52,25.96399999999999,{},24.223999999999997,{}
1566761414629,2019-08-25 13:30:14,25.47799999999999,{},22.675999999999995,{}
1566763213649,2019-08-25 14:00:13,25.093999999999994,{},22.38799999999999,{}
1566765017962,2019-08-25 14:30:17,24.55999999999999,{},21.853999999999996,{}
1566765046400,2019-08-25 14:30:46,24.55999999999999,{},21.853999999999996,{}
1566765076364,2019-08-25 14:31:16,24.55999999999999,{},21.853999999999996,{}
1566768621483,2019-08-25 15:30:21,24.416,{},20.98399999999999,{}
1566770418506,2019-08-25 16:00:18,24.079999999999995,{},20.497999999999994,{}
1566772220032,2019-08-25 16:30:20,24.031999999999996,{},20.113999999999994,{}
1566774019182,2019-08-25 17:00:19,23.881999999999998,{},19.729999999999997,{}
1566775818161,2019-08-25 17:30:18,23.833999999999993,{},19.62799999999999,{}
1566777622201,2019-08-25 18:00:22,23.545999999999996,{},19.291999999999998,{}
1566779419707,2019-08-25 18:30:19,23.545999999999996,{},19.003999999999994,{}
1566781220644,2019-08-25 19:00:20,23.49799999999999,{},18.859999999999992,{}
1566783017805,2019-08-25 19:30:17,23.209999999999997,{},18.805999999999994,{}
1566784826791,2019-08-25 20:00:26,23.353999999999992,{},18.51799999999999,{}
1566786618466,2019-08-25 20:30:18,23.305999999999997,{},18.47,{}
1566788417982,2019-08-25 21:00:17,23.305999999999997,{},18.422,{}
1566790219622,2019-08-25 21:30:19,23.209999999999997,{},18.325999999999997,{}
1566793817114,2019-08-25 22:30:17,23.06,{},18.182,{}
1566797416739,2019-08-25 23:30:16,23.113999999999997,{},17.989999999999995,{}
1566799214871,2019-08-26 00:00:14,23.012,{},17.935999999999996,{}
1566801014022,2019-08-26 00:30:14,22.915999999999997,{},18.037999999999993,{}
1566801044730,2019-08-26 00:30:44,22.915999999999997,{},18.037999999999993,{}
1566801073749,2019-08-26 00:31:13,22.915999999999997,{},18.037999999999993,{}
1566804615613,2019-08-26 01:30:15,22.915999999999997,{},17.791999999999998,{}
1566808215878,2019-08-26 02:30:15,22.963999999999995,{},17.791999999999998,{}
1566808245195,2019-08-26 02:30:45,22.963999999999995,{},17.791999999999998,{}
1566819016099,2019-08-26 05:30:16,27.265999999999995,{},27.943999999999992,{}
1566820813751,2019-08-26 06:00:13,27.169999999999995,{},27.847999999999995,{}
1566822613947,2019-08-26 06:30:13,26.929999999999993,{},27.559999999999995,{}
1566822643771,2019-08-26 06:30:43,26.929999999999993,{},27.559999999999995,{}
1566822673722,2019-08-26 06:31:13,26.929999999999993,{},27.559999999999995,{}
1566829816468,2019-08-26 08:30:16,26.929999999999993,{},27.313999999999993,{}
1566833414840,2019-08-26 09:30:14,26.881999999999994,{},27.169999999999995,{}
1566833445054,2019-08-26 09:30:45,26.881999999999994,{},27.169999999999995,{}
1566833474756,2019-08-26 09:31:14,26.881999999999994,{},27.169999999999995,{}
1566837042193,2019-08-26 10:30:42,26.881999999999994,{},26.97799999999999,{}
1566838813758,2019-08-26 11:00:13,26.929999999999993,{},26.785999999999994,{}
1566840615369,2019-08-26 11:30:15,26.785999999999994,{},26.491999999999997,{}
1566842414390,2019-08-26 12:00:14,26.689999999999998,{},26.203999999999994,{}
1566844214145,2019-08-26 12:30:14,26.395999999999997,{},25.771999999999995,{}
1566846015161,2019-08-26 13:00:15,26.155999999999995,{},25.57399999999999,{}
1566847815256,2019-08-26 13:30:15,26.155999999999995,{},25.333999999999996,{}
1566847844748,2019-08-26 13:30:44,26.155999999999995,{},25.333999999999996,{}
1566851416271,2019-08-26 14:30:16,25.915999999999993,{},24.655999999999995,{}
1566851446288,2019-08-26 14:30:46,25.915999999999993,{},24.655999999999995,{}
1566853214052,2019-08-26 15:00:14,25.621999999999996,{},24.127999999999993,{}
1566855014168,2019-08-26 15:30:14,25.47799999999999,{},23.785999999999994,{}
1566856814651,2019-08-26 16:00:14,25.381999999999998,{},23.401999999999994,{}
1566858615314,2019-08-26 16:30:15,25.285999999999998,{},22.915999999999997,{}
1566860413534,2019-08-26 17:00:13,25.093999999999994,{},22.579999999999995,{}
1566862215335,2019-08-26 17:30:15,24.997999999999994,{},22.339999999999993,{}
1566864012925,2019-08-26 18:00:12,24.901999999999997,{},21.902,{}
1566865835642,2019-08-26 18:30:35,24.751999999999995,{},21.757999999999996,{}
1566869415900,2019-08-26 19:30:15,24.751999999999995,{},21.613999999999994,{}
1566871214675,2019-08-26 20:00:14,24.805999999999994,{},21.319999999999993,{}
1566873014127,2019-08-26 20:30:14,24.367999999999988,{},21.319999999999993,{}
1566874814746,2019-08-26 21:00:14,24.46399999999999,{},21.271999999999995,{}
1566876614469,2019-08-26 21:30:14,24.416,{},21.319999999999993,{}
1566878428053,2019-08-26 22:00:28,24.46399999999999,{},21.175999999999995,{}
1566880216035,2019-08-26 22:30:16,24.416,{},20.98399999999999,{}
1566882013481,2019-08-26 23:00:13,24.46399999999999,{},21.175999999999995,{}
1566883816225,2019-08-26 23:30:16,24.367999999999988,{},21.031999999999996,{}
1566885613404,2019-08-27 00:00:13,24.511999999999993,{},21.031999999999996,{}
1566887415736,2019-08-27 00:30:15,24.46399999999999,{},20.936,{}
1566889214850,2019-08-27 01:00:14,24.319999999999997,{},20.839999999999996,{}
1566891013734,2019-08-27 01:30:13,24.319999999999997,{},20.839999999999996,{}
1566892814946,2019-08-27 02:00:14,24.416,{},20.839999999999996,{}
1566894614913,2019-08-27 02:30:14,24.319999999999997,{},20.647999999999993,{}
1566896415161,2019-08-27 03:00:15,24.319999999999997,{},20.695999999999998,{}
1566898214696,2019-08-27 03:30:14,24.319999999999997,{},20.743999999999996,{}
1566900014009,2019-08-27 04:00:14,24.079999999999995,{},20.647999999999993,{}
1566901816396,2019-08-27 04:30:16,24.223999999999997,{},20.552,{}
1566903613238,2019-08-27 05:00:13,24.319999999999997,{},20.647999999999993,{}
1566905416650,2019-08-27 05:30:16,24.127999999999993,{},20.497999999999994,{}
1566909015112,2019-08-27 06:30:15,24.079999999999995,{},20.497999999999994,{}
1566910813050,2019-08-27 07:00:13,24.079999999999995,{},20.599999999999994,{}
1566912614480,2019-08-27 07:30:14,24.031999999999996,{},20.449999999999996,{}
1566914419683,2019-08-27 08:00:19,24.176,{},20.552,{}
1566916213038,2019-08-27 08:30:13,24.272,{},20.305999999999997,{}
1566918015966,2019-08-27 09:00:15,24.031999999999996,{},20.353999999999996,{}
1566919814810,2019-08-27 09:30:14,24.079999999999995,{},20.257999999999992,{}
1566921615512,2019-08-27 10:00:15,23.689999999999994,{},20.209999999999994,{}
1566923427326,2019-08-27 10:30:27,23.689999999999994,{},20.305999999999997,{}
1566925214321,2019-08-27 11:00:14,23.593999999999994,{},20.209999999999994,{}
1566927015883,2019-08-27 11:30:15,23.545999999999996,{},20.113999999999994,{}
1566928813946,2019-08-27 12:00:13,23.162,{},19.682,{}
1566930615347,2019-08-27 12:30:15,23.162,{},19.62799999999999,{}
