Timestamp,Human readable date,e00fce6872359b9131374b7c_sw-10-sensor-2-calibrated,context_e00fce6872359b9131374b7c_sw-10-sensor-2-calibrated,e00fce6872359b9131374b7c_sw-10-sm5-calibrated,context_e00fce6872359b9131374b7c_sw-10-sm5-calibrated
1564466415101,2019-07-30 00:00:15,22.880000000000003,{},22.269000000000002,{}
1564468214471,2019-07-30 00:30:14,22.817,{},22.181,{}
1564470015795,2019-07-30 01:00:15,22.811,{},22.136,{}
1564471813129,2019-07-30 01:30:13,22.789,{},22.081999999999997,{}
1564473612800,2019-07-30 02:00:12,23.768000000000004,{},22.691999999999997,{}
1564475416301,2019-07-30 02:30:16,23.861,{},22.987,{}
1564479014905,2019-07-30 03:30:14,23.791999999999998,{},22.993000000000006,{}
1564480815422,2019-07-30 04:00:15,23.796,{},22.978,{}
1564482612947,2019-07-30 04:30:12,23.807,{},22.901999999999997,{}
1564484414718,2019-07-30 05:00:14,23.764,{},22.89,{}
1564486214906,2019-07-30 05:30:14,23.744,{},22.86,{}
1564488016135,2019-07-30 06:00:16,23.656999999999996,{},22.86,{}
1564489814781,2019-07-30 06:30:14,23.692,{},22.820999999999998,{}
1564491616050,2019-07-30 07:00:16,23.665,{},22.795,{}
1564497015236,2019-07-30 08:30:15,23.756000000000004,{},22.886,{}
1564498815933,2019-07-30 09:00:15,23.761999999999997,{},22.918000000000003,{}
1564500615023,2019-07-30 09:30:15,23.879,{},22.980999999999998,{}
1564502413819,2019-07-30 10:00:13,23.97,{},23.025,{}
1564506016577,2019-07-30 11:00:16,24.014,{},23.186,{}
1564507816794,2019-07-30 11:30:16,23.919000000000004,{},23.138,{}
1564509618553,2019-07-30 12:00:18,23.964,{},23.138,{}
1564511418904,2019-07-30 12:30:18,23.97,{},23.232,{}
1564513217667,2019-07-30 13:00:17,23.935000000000002,{},23.194,{}
1564515020855,2019-07-30 13:30:20,23.966,{},23.156000000000002,{}
1564516820749,2019-07-30 14:00:20,23.891,{},23.148000000000003,{}
1564518618547,2019-07-30 14:30:18,23.871000000000002,{},23.067,{}
1564520416192,2019-07-30 15:00:16,23.718000000000004,{},22.919999999999998,{}
1564524034189,2019-07-30 16:00:34,23.72,{},22.827,{}
1564525814563,2019-07-30 16:30:14,23.669999999999998,{},22.723000000000003,{}
1564527614222,2019-07-30 17:00:14,23.498000000000005,{},22.551,{}
1564529412426,2019-07-30 17:30:12,23.379,{},22.463,{}
1564531216146,2019-07-30 18:00:16,23.269000000000002,{},22.298000000000005,{}
1564533015542,2019-07-30 18:30:15,23.118000000000002,{},22.259,{}
1564534815304,2019-07-30 19:00:15,23.064999999999998,{},22.177,{}
1564536613944,2019-07-30 19:30:13,23.001,{},22.034000000000002,{}
1564538415603,2019-07-30 20:00:15,22.854,{},21.965,{}
1564540212247,2019-07-30 20:30:12,22.790999999999997,{},21.82,{}
1564542014746,2019-07-30 21:00:14,22.664000000000005,{},21.737,{}
1564543815288,2019-07-30 21:30:15,22.555,{},21.661,{}
1564545613769,2019-07-30 22:00:13,22.543000000000003,{},21.592,{}
1564547415711,2019-07-30 22:30:15,22.506999999999998,{},21.572,{}
1564549214187,2019-07-30 23:00:14,22.392,{},21.522,{}
1564551014456,2019-07-30 23:30:14,22.39,{},21.421,{}
1564552814692,2019-07-31 00:00:14,22.3,{},21.367,{}
1564554613564,2019-07-31 00:30:13,22.269000000000002,{},21.365000000000002,{}
1564556415527,2019-07-31 01:00:15,22.159000000000002,{},21.281999999999996,{}
1564558215111,2019-07-31 01:30:15,22.205,{},21.218000000000004,{}
1564560015822,2019-07-31 02:00:15,22.09,{},21.242,{}
1564561814473,2019-07-31 02:30:14,22.076,{},21.101,{}
1564563613504,2019-07-31 03:00:13,22.044000000000004,{},20.996000000000002,{}
1564565416316,2019-07-31 03:30:16,22.013,{},21.081,{}
1564567215909,2019-07-31 04:00:15,21.959,{},20.978,{}
1564569014570,2019-07-31 04:30:14,21.911,{},20.918000000000003,{}
1564570814482,2019-07-31 05:00:14,21.947,{},20.918000000000003,{}
1564572625968,2019-07-31 05:30:25,21.885,{},20.887,{}
1564574414815,2019-07-31 06:00:14,21.87,{},20.897,{}
1564576213231,2019-07-31 06:30:13,21.798000000000002,{},20.825000000000003,{}
1564578017558,2019-07-31 07:00:17,21.811999999999998,{},20.831,{}
1564579814134,2019-07-31 07:30:14,21.854000000000003,{},20.853,{}
1564581616577,2019-07-31 08:00:16,21.828000000000003,{},20.821,{}
1564583413174,2019-07-31 08:30:13,21.826,{},20.811,{}
1564585214074,2019-07-31 09:00:14,21.846,{},20.783,{}
1564587015725,2019-07-31 09:30:15,21.836,{},20.815,{}
1564588812617,2019-07-31 10:00:12,22.179000000000002,{},20.845,{}
1564590614871,2019-07-31 10:30:14,22.273000000000003,{},21.109,{}
1564592412754,2019-07-31 11:00:12,22.443,{},21.27,{}
1564594215454,2019-07-31 11:30:15,22.436999999999998,{},21.261999999999997,{}
1564596012639,2019-07-31 12:00:12,22.531000000000002,{},20.974,{}
1564597815148,2019-07-31 12:30:15,22.625999999999998,{},21.149,{}
1564599615625,2019-07-31 13:00:15,22.658000000000005,{},21.113,{}
1564601414726,2019-07-31 13:30:14,22.614000000000004,{},21.095,{}
1564603214487,2019-07-31 14:00:14,22.578000000000003,{},21.05,{}
1564605013634,2019-07-31 14:30:13,22.549000000000003,{},21.002,{}
1564606814311,2019-07-31 15:00:14,22.406000000000002,{},20.823000000000004,{}
1564608613257,2019-07-31 15:30:13,22.289,{},20.772,{}
1564610414248,2019-07-31 16:00:14,22.183000000000003,{},20.623,{}
1564612215543,2019-07-31 16:30:15,22.112,{},20.502,{}
1564614013505,2019-07-31 17:00:13,22.006999999999998,{},20.408,{}
1564615814957,2019-07-31 17:30:14,21.776,{},20.267,{}
1564617614450,2019-07-31 18:00:14,21.647,{},20.142,{}
1564619414264,2019-07-31 18:30:14,21.568000000000005,{},19.983000000000004,{}
1564621215615,2019-07-31 19:00:15,21.419,{},19.86,{}
1564623013874,2019-07-31 19:30:13,21.328000000000003,{},19.781,{}
1564624814514,2019-07-31 20:00:14,21.177,{},19.697,{}
1564626614435,2019-07-31 20:30:14,21.141,{},19.525000000000002,{}
1564628415343,2019-07-31 21:00:15,20.994,{},19.398,{}
1564630214838,2019-07-31 21:30:14,20.97,{},19.371999999999996,{}
1564632015334,2019-07-31 22:00:15,20.881,{},19.38,{}
1564633815706,2019-07-31 22:30:15,20.851,{},19.288000000000004,{}
1564635613237,2019-07-31 23:00:13,20.738000000000003,{},19.229000000000003,{}
1564637416085,2019-07-31 23:30:16,20.607,{},19.134999999999998,{}
1564639213166,2019-08-01 00:00:13,20.571,{},19.060000000000002,{}
1564641014014,2019-08-01 00:30:14,20.496,{},19.056,{}
1564642815617,2019-08-01 01:00:15,20.535,{},19.006,{}
1564644613057,2019-08-01 01:30:13,20.456,{},18.950999999999997,{}
1564646415419,2019-08-01 02:00:15,20.396,{},18.955,{}
1564648214971,2019-08-01 02:30:14,20.392,{},18.836,{}
1564650015234,2019-08-01 03:00:15,20.321,{},18.846,{}
1564651814434,2019-08-01 03:30:14,20.237,{},18.791999999999998,{}
1564653614600,2019-08-01 04:00:14,20.176,{},18.718,{}
1564655414659,2019-08-01 04:30:14,20.162,{},18.685000000000002,{}
1564657213445,2019-08-01 05:00:13,20.079,{},18.633000000000003,{}
1564659014781,2019-08-01 05:30:14,19.975,{},18.55,{}
1564660814725,2019-08-01 06:00:14,19.987,{},18.566,{}
1564662614678,2019-08-01 06:30:14,19.983000000000004,{},18.518,{}
1564664414803,2019-08-01 07:00:14,19.957,{},18.472,{}
1564666215292,2019-08-01 07:30:15,20.005,{},18.468,{}
1564668015515,2019-08-01 08:00:15,19.983000000000004,{},18.45,{}
1564669814116,2019-08-01 08:30:14,20.015,{},18.548000000000002,{}
1564671615781,2019-08-01 09:00:15,20.005,{},18.528000000000002,{}
1564673415416,2019-08-01 09:30:15,20.134,{},18.576,{}
1564675212806,2019-08-01 10:00:12,20.293000000000003,{},18.639000000000003,{}
1564677016044,2019-08-01 10:30:16,20.388,{},18.761999999999997,{}
1564678815516,2019-08-01 11:00:15,20.46,{},18.84,{}
1564680615457,2019-08-01 11:30:15,20.355,{},17.990000000000002,{}
1564682416269,2019-08-01 12:00:16,20.601,{},18.047,{}
1564684214682,2019-08-01 12:30:14,20.376,{},17.988,{}
1564686013139,2019-08-01 13:00:13,20.263,{},17.852999999999998,{}
1564687814775,2019-08-01 13:30:14,20.285,{},17.797,{}
1564689615092,2019-08-01 14:00:15,20.057,{},17.581,{}
1564691413815,2019-08-01 14:30:13,19.979000000000003,{},17.444000000000003,{}
1564693217097,2019-08-01 15:00:17,19.993000000000002,{},17.540999999999997,{}
1564695013606,2019-08-01 15:30:13,20.035,{},17.585,{}
1564696814799,2019-08-01 16:00:14,19.997,{},17.499000000000002,{}
1564698614119,2019-08-01 16:30:14,19.914,{},17.400000000000002,{}
1564700415184,2019-08-01 17:00:15,19.924000000000003,{},17.396,{}
1564702215007,2019-08-01 17:30:15,19.858000000000004,{},17.321,{}
1564704014748,2019-08-01 18:00:14,19.719,{},17.271,{}
1564705814209,2019-08-01 18:30:14,19.709000000000003,{},17.152,{}
1564707614539,2019-08-01 19:00:14,19.616,{},17.057,{}
1564709413405,2019-08-01 19:30:13,19.537,{},16.959000000000003,{}
1564711215144,2019-08-01 20:00:15,19.479000000000003,{},16.975,{}
1564713013391,2019-08-01 20:30:13,19.306,{},16.854000000000003,{}
1564714815499,2019-08-01 21:00:15,19.213,{},16.709000000000003,{}
1564716613818,2019-08-01 21:30:13,19.195,{},16.665,{}
1564718416145,2019-08-01 22:00:16,19.122,{},16.618,{}
1564720213603,2019-08-01 22:30:13,19.061999999999998,{},16.505,{}
1564722013209,2019-08-01 23:00:13,19.006,{},16.536,{}
1564723815632,2019-08-01 23:30:15,18.979000000000003,{},16.463,{}
1564725613835,2019-08-02 00:00:13,18.973000000000003,{},16.534000000000002,{}
1564727414983,2019-08-02 00:30:14,18.852,{},16.415000000000003,{}
1564729214195,2019-08-02 01:00:14,18.83,{},16.308,{}
1564731007947,2019-08-02 01:30:07,18.76,{},16.252,{}
1564732813487,2019-08-02 02:00:13,18.693,{},16.230999999999998,{}
1564734613739,2019-08-02 02:30:13,18.685000000000002,{},16.173000000000002,{}
1564736414426,2019-08-02 03:00:14,18.593,{},16.133,{}
1564738214475,2019-08-02 03:30:14,18.554000000000002,{},16.096,{}
1564740016570,2019-08-02 04:00:16,18.514000000000003,{},16.113,{}
1564741815113,2019-08-02 04:30:15,18.498000000000005,{},16.038,{}
1564743614921,2019-08-02 05:00:14,18.417,{},15.990000000000002,{}
1564745414679,2019-08-02 05:30:14,18.397,{},15.990000000000002,{}
1564747213135,2019-08-02 06:00:13,18.288,{},15.937000000000001,{}
1564749015862,2019-08-02 06:30:15,18.317,{},15.940999999999999,{}
1564750814143,2019-08-02 07:00:14,18.28,{},15.845,{}
1564752615390,2019-08-02 07:30:15,18.296,{},15.921,{}
1564754414313,2019-08-02 08:00:14,18.240000000000002,{},15.891,{}
1564756213352,2019-08-02 08:30:13,18.285999999999998,{},15.692,{}
1564758014198,2019-08-02 09:00:14,18.357,{},15.679000000000002,{}
1564759812940,2019-08-02 09:30:12,18.423000000000002,{},15.767999999999999,{}
1564763416161,2019-08-02 10:30:16,18.935000000000002,{},16.113,{}
1564765213422,2019-08-02 11:00:13,19.12,{},16.316,{}
1564767012733,2019-08-02 11:30:12,19.255,{},16.743,{}
1564768815511,2019-08-02 12:00:15,19.405,{},16.741,{}
1564770616896,2019-08-02 12:30:16,19.483000000000004,{},16.796,{}
1564772412673,2019-08-02 13:00:12,19.614,{},17.18,{}
1564774216584,2019-08-02 13:30:16,19.493000000000002,{},16.989,{}
1564776012875,2019-08-02 14:00:12,19.453000000000003,{},16.87,{}
1564777815621,2019-08-02 14:30:15,19.435,{},16.852,{}
1564779616896,2019-08-02 15:00:16,19.328000000000003,{},16.723,{}
1564781413950,2019-08-02 15:30:13,18.987,{},16.415000000000003,{}
1564783214710,2019-08-02 16:00:14,18.859,{},16.298,{}
1564785013794,2019-08-02 16:30:13,18.768,{},16.125,{}
1564786814433,2019-08-02 17:00:14,18.722,{},15.817999999999998,{}
1564788612815,2019-08-02 17:30:12,18.472,{},15.732000000000001,{}
1564790415072,2019-08-02 18:00:15,18.292,{},15.591,{}
1564792216485,2019-08-02 18:30:16,18.224,{},15.5,{}
1564794014469,2019-08-02 19:00:14,18.083,{},15.365,{}
1564795814176,2019-08-02 19:30:14,17.998,{},15.333,{}
1564797612644,2019-08-02 20:00:12,17.926000000000002,{},15.18,{}
1564799413510,2019-08-02 20:30:13,17.775,{},15.057,{}
1564801214693,2019-08-02 21:00:14,17.674,{},15.043000000000001,{}
1564803014120,2019-08-02 21:30:14,17.636,{},14.892,{}
1564804814760,2019-08-02 22:00:14,17.495,{},14.823,{}
1564806613544,2019-08-02 22:30:13,17.36,{},14.749,{}
1564808414586,2019-08-02 23:00:14,17.293,{},14.763000000000002,{}
1564810213689,2019-08-02 23:30:13,17.225,{},14.680000000000001,{}
1564812014511,2019-08-03 00:00:14,17.205000000000002,{},14.575,{}
1564813814982,2019-08-03 00:30:14,17.122,{},14.503,{}
1564815614196,2019-08-03 01:00:14,17.021,{},14.551,{}
1564817415488,2019-08-03 01:30:15,17.076,{},14.467000000000002,{}
1564819215395,2019-08-03 02:00:15,16.945,{},14.471,{}
1564821015079,2019-08-03 02:30:15,16.908,{},14.435999999999998,{}
1564822815124,2019-08-03 03:00:15,16.980999999999998,{},14.41,{}
1564824615503,2019-08-03 03:30:15,16.812,{},14.309000000000003,{}
1564826415478,2019-08-03 04:00:15,16.792,{},14.313,{}
1564828213661,2019-08-03 04:30:13,16.739,{},14.210999999999999,{}
1564830015755,2019-08-03 05:00:15,16.709000000000003,{},14.210999999999999,{}
1564831813746,2019-08-03 05:30:13,16.667,{},14.166,{}
1564833613188,2019-08-03 06:00:13,16.624000000000002,{},14.152000000000001,{}
1564835415731,2019-08-03 06:30:15,16.576,{},14.106,{}
1564837212511,2019-08-03 07:00:12,16.588,{},14.194999999999999,{}
1564839016176,2019-08-03 07:30:16,16.536,{},14.136,{}
1564840813310,2019-08-03 08:00:13,16.524,{},14.127999999999998,{}
1564842616024,2019-08-03 08:30:16,16.509,{},14.094000000000001,{}
1564844414397,2019-08-03 09:00:14,16.451,{},14.154,{}
1564846213298,2019-08-03 09:30:13,16.659000000000002,{},14.168,{}
1564848016361,2019-08-03 10:00:16,16.991,{},14.17,{}
1564849814307,2019-08-03 10:30:14,17.287,{},14.547000000000002,{}
1564851615206,2019-08-03 11:00:15,17.483,{},14.71,{}
1564853412509,2019-08-03 11:30:12,17.583000000000002,{},14.837,{}
1564855215870,2019-08-03 12:00:15,17.740000000000002,{},14.927999999999999,{}
1564857013670,2019-08-03 12:30:13,17.790999999999997,{},15.023,{}
1564858812974,2019-08-03 13:00:12,17.782999999999998,{},15.082999999999998,{}
1564860614860,2019-08-03 13:30:14,17.794999999999998,{},15.113,{}
1564862413124,2019-08-03 14:00:13,17.801000000000002,{},15.081,{}
1564864216473,2019-08-03 14:30:16,17.736,{},15.129000000000001,{}
1564866014579,2019-08-03 15:00:14,17.732,{},15.029,{}
1564867816548,2019-08-03 15:30:16,16.159000000000002,{},15.037,{}
1564869615283,2019-08-03 16:00:15,16.032000000000004,{},14.853,{}
1564871415033,2019-08-03 16:30:15,15.814,{},14.755,{}
1564873226171,2019-08-03 17:00:26,15.625,{},14.62,{}
1564875015557,2019-08-03 17:30:15,15.343000000000002,{},14.435999999999998,{}
1564882214402,2019-08-03 19:30:14,14.485000000000001,{},13.79,{}
1564884015514,2019-08-03 20:00:15,14.42,{},13.651,{}
1564885816162,2019-08-03 20:30:16,14.307,{},13.622,{}
1564887615502,2019-08-03 21:00:15,14.190999999999999,{},13.477,{}
1564889412520,2019-08-03 21:30:12,14.104,{},13.449,{}
1564891214872,2019-08-03 22:00:14,14.007,{},13.385,{}
1564893014486,2019-08-03 22:30:14,13.967000000000002,{},13.211,{}
1564894815855,2019-08-03 23:00:15,13.86,{},13.228000000000002,{}
1564896613096,2019-08-03 23:30:13,13.816,{},13.135,{}
1564898415846,2019-08-04 00:00:15,13.747000000000002,{},13.111,{}
1564900212720,2019-08-04 00:30:12,13.671,{},13.014000000000001,{}
1564902015092,2019-08-04 01:00:15,13.665,{},12.997999999999998,{}
1564903815422,2019-08-04 01:30:15,13.600000000000001,{},12.97,{}
1564905614249,2019-08-04 02:00:14,13.552,{},12.887,{}
1564907414943,2019-08-04 02:30:14,13.505999999999998,{},12.875,{}
1564909214026,2019-08-04 03:00:14,13.489,{},12.829,{}
1564911015022,2019-08-04 03:30:15,13.379000000000001,{},12.812999999999999,{}
1564912814392,2019-08-04 04:00:14,13.320000000000002,{},12.762,{}
1564914612953,2019-08-04 04:30:12,13.297999999999998,{},12.686,{}
1564916415779,2019-08-04 05:00:15,13.26,{},12.738,{}
1564918213262,2019-08-04 05:30:13,13.274000000000003,{},12.619000000000003,{}
1564920015629,2019-08-04 06:00:15,13.119,{},12.684000000000001,{}
1564921813923,2019-08-04 06:30:13,13.111,{},12.674000000000001,{}
1564923613817,2019-08-04 07:00:13,13.117,{},12.619000000000003,{}
1564925413364,2019-08-04 07:30:13,13.126999999999999,{},12.609,{}
1564927215203,2019-08-04 08:00:15,13.087000000000002,{},12.442,{}
1564929015915,2019-08-04 08:30:15,13.157000000000002,{},12.509999999999998,{}
1564930815278,2019-08-04 09:00:15,13.203000000000001,{},12.494000000000002,{}
1564932614137,2019-08-04 09:30:14,13.278,{},12.575,{}
1564934414969,2019-08-04 10:00:14,13.467,{},12.583,{}
1564936214670,2019-08-04 10:30:14,13.745000000000001,{},12.921,{}
1564938015029,2019-08-04 11:00:15,13.804000000000002,{},12.796,{}
1564939814641,2019-08-04 11:30:14,13.944999999999999,{},13.001999999999999,{}
1564941614545,2019-08-04 12:00:14,14.207,{},13.238,{}
1564943412712,2019-08-04 12:30:12,14.177999999999999,{},13.203000000000001,{}
1564945214030,2019-08-04 13:00:14,14.132,{},13.135,{}
1564947014807,2019-08-04 13:30:14,14.290999999999999,{},13.278,{}
1564948814015,2019-08-04 14:00:14,14.240999999999998,{},13.172999999999998,{}
1564952415443,2019-08-04 15:00:15,13.850000000000001,{},12.907000000000002,{}
1564954215166,2019-08-04 15:30:15,13.667000000000002,{},12.807000000000002,{}
1564956013308,2019-08-04 16:00:13,13.657,{},12.829,{}
1564957814778,2019-08-04 16:30:14,13.751,{},12.850999999999999,{}
1564959616080,2019-08-04 17:00:16,13.794,{},12.875,{}
1564961413880,2019-08-04 17:30:13,13.672999999999998,{},12.709999999999999,{}
1564963214007,2019-08-04 18:00:14,13.505999999999998,{},12.665000000000001,{}
1564965013575,2019-08-04 18:30:13,13.447000000000001,{},12.569000000000003,{}
1564966814141,2019-08-04 19:00:14,13.3,{},12.475999999999999,{}
1564968614011,2019-08-04 19:30:14,13.242,{},12.383,{}
1564970412867,2019-08-04 20:00:12,13.169,{},12.317,{}
1564972214919,2019-08-04 20:30:14,13.040000000000001,{},12.182,{}
1564974013073,2019-08-04 21:00:13,12.958,{},12.171999999999999,{}
1564975815300,2019-08-04 21:30:15,12.883,{},12.012999999999998,{}
1564977614373,2019-08-04 22:00:14,12.786,{},12.012999999999998,{}
1564979414514,2019-08-04 22:30:14,12.745999999999999,{},11.968,{}
1564981212691,2019-08-04 23:00:12,12.690000000000001,{},11.882000000000001,{}
1564983014687,2019-08-04 23:30:14,12.650999999999998,{},11.823,{}
1564984814161,2019-08-05 00:00:14,12.581000000000001,{},11.87,{}
1564986614791,2019-08-05 00:30:14,12.583,{},11.852000000000002,{}
1564988415139,2019-08-05 01:00:15,12.569000000000003,{},11.751000000000001,{}
1564990214048,2019-08-05 01:30:14,12.508,{},11.7,{}
1564992014585,2019-08-05 02:00:14,12.502000000000002,{},11.719000000000001,{}
1564995616230,2019-08-05 03:00:16,12.404000000000002,{},11.547000000000002,{}
1564997414390,2019-08-05 03:30:14,12.323,{},11.584,{}
1564999214054,2019-08-05 04:00:14,12.385000000000002,{},11.555000000000001,{}
1565001014468,2019-08-05 04:30:14,12.277000000000001,{},11.594000000000001,{}
1565002814406,2019-08-05 05:00:14,12.254999999999999,{},11.580000000000002,{}
1565008214652,2019-08-05 06:30:14,12.232000000000001,{},11.503,{}
1565010014060,2019-08-05 07:00:14,12.214,{},11.459,{}
1565011813229,2019-08-05 07:30:13,12.178,{},11.437,{}
1565013616497,2019-08-05 08:00:16,12.187999999999999,{},11.432999999999998,{}
1565015413002,2019-08-05 08:30:13,12.18,{},11.388000000000002,{}
1565017213845,2019-08-05 09:00:13,12.176,{},11.469000000000001,{}
1565019014969,2019-08-05 09:30:14,12.307000000000002,{},11.479000000000001,{}
1565020814196,2019-08-05 10:00:14,12.549000000000001,{},11.626,{}
1565022614505,2019-08-05 10:30:14,12.78,{},11.845999999999998,{}
1565024413604,2019-08-05 11:00:13,13.024000000000003,{},12.057,{}
1565026214040,2019-08-05 11:30:14,13.575999999999999,{},12.389,{}
1565028015604,2019-08-05 12:00:15,13.735,{},12.537,{}
1565029815330,2019-08-05 12:30:15,13.915,{},12.687999999999999,{}
1565031615057,2019-08-05 13:00:15,14.002999999999998,{},12.758,{}
1565033414138,2019-08-05 13:30:14,13.850000000000001,{},12.633,{}
1565035215087,2019-08-05 14:00:15,13.605999999999998,{},12.452000000000002,{}
1565037014204,2019-08-05 14:30:14,13.364999999999998,{},12.204,{}
1565038813987,2019-08-05 15:00:13,13.447000000000001,{},12.290999999999999,{}
1565042415650,2019-08-05 16:00:15,13.532,{},12.389,{}
1565044214786,2019-08-05 16:30:14,13.288,{},12.160000000000002,{}
1565046013564,2019-08-05 17:00:13,13.042000000000002,{},12.037,{}
1565047813347,2019-08-05 17:30:13,13.03,{},12.062999999999999,{}
1565049615521,2019-08-05 18:00:15,12.959999999999999,{},11.922000000000002,{}
1565051413101,2019-08-05 18:30:13,12.825000000000001,{},11.87,{}
1565056816731,2019-08-05 20:00:16,12.547,{},11.622000000000002,{}
1565058614985,2019-08-05 20:30:14,12.494000000000002,{},11.475,{}
1565064016532,2019-08-05 22:00:16,12.216,{},11.347999999999999,{}
1565065814138,2019-08-05 22:30:14,12.242,{},11.304,{}
1565067614576,2019-08-05 23:00:14,12.165999999999999,{},11.294,{}
1565069414407,2019-08-05 23:30:14,12.104999999999999,{},11.255,{}
1565071215640,2019-08-06 00:00:15,12.107000000000001,{},11.205000000000002,{}
1565073013150,2019-08-06 00:30:13,12.023,{},11.174999999999999,{}
1565074816068,2019-08-06 01:00:16,11.978,{},11.12,{}
1565076614979,2019-08-06 01:30:14,11.982999999999999,{},11.106,{}
1565078414577,2019-08-06 02:00:14,11.879999999999999,{},11.092000000000002,{}
1565080215312,2019-08-06 02:30:15,11.898,{},11.085999999999999,{}
1565082013752,2019-08-06 03:00:13,11.832999999999998,{},11.026,{}
1565083816320,2019-08-06 03:30:16,11.797000000000002,{},10.972999999999999,{}
1565085612679,2019-08-06 04:00:12,11.732999999999999,{},10.965,{}
1565087415093,2019-08-06 04:30:15,11.783,{},10.889000000000001,{}
1565089213709,2019-08-06 05:00:13,11.702000000000002,{},10.885,{}
1565091014462,2019-08-06 05:30:14,11.64,{},10.897000000000002,{}
1565092814882,2019-08-06 06:00:14,11.588000000000001,{},10.846,{}
1565094614404,2019-08-06 06:30:14,11.563,{},10.834000000000001,{}
1565096414883,2019-08-06 07:00:14,11.584,{},10.909000000000002,{}
1565098213681,2019-08-06 07:30:13,11.614000000000003,{},10.818,{}
1565101814957,2019-08-06 08:30:14,11.638000000000002,{},10.886999999999999,{}
1565103617011,2019-08-06 09:00:17,11.694,{},10.907,{}
1565105413567,2019-08-06 09:30:13,11.807,{},10.981,{}
1565107213807,2019-08-06 10:00:13,12.287,{},11.997,{}
1565109014929,2019-08-06 10:30:14,22.829,{},18.589000000000002,{}
1565110813669,2019-08-06 11:00:13,23.248000000000005,{},19.801,{}
1565112616236,2019-08-06 11:30:16,24.888,{},21.598000000000003,{}
1565114415955,2019-08-06 12:00:15,25.745,{},25.033000000000005,{}
1565116215156,2019-08-06 12:30:15,25.610000000000007,{},24.874000000000006,{}
1565118017007,2019-08-06 13:00:17,25.336000000000002,{},24.431,{}
1565119815350,2019-08-06 13:30:15,25.106,{},24.108999999999998,{}
1565121614989,2019-08-06 14:00:14,24.765,{},23.672,{}
1565123414623,2019-08-06 14:30:14,24.465,{},23.367,{}
1565125215291,2019-08-06 15:00:15,24.311999999999998,{},23.073,{}
1565127014887,2019-08-06 15:30:14,24.089000000000002,{},22.868000000000002,{}
1565128813862,2019-08-06 16:00:13,23.927,{},22.614000000000004,{}
1565130617099,2019-08-06 16:30:17,23.694000000000003,{},22.477,{}
1565132413003,2019-08-06 17:00:13,23.557,{},22.33,{}
1565134217059,2019-08-06 17:30:17,23.436,{},22.590000000000003,{}
1565136014607,2019-08-06 18:00:14,23.333000000000002,{},22.416,{}
1565137814938,2019-08-06 18:30:14,23.201999999999998,{},22.277,{}
1565139614151,2019-08-06 19:00:14,23.033,{},22.189,{}
1565141414088,2019-08-06 19:30:14,22.974000000000004,{},22.08,{}
1565146815801,2019-08-06 21:00:15,22.743000000000006,{},21.8,{}
1565148614844,2019-08-06 21:30:14,22.612000000000002,{},21.686999999999998,{}
1565150414500,2019-08-06 22:00:14,22.58,{},21.657,{}
1565152215741,2019-08-06 22:30:15,22.521,{},21.568000000000005,{}
1565154013261,2019-08-06 23:00:13,22.485,{},21.52,{}
1565155815813,2019-08-06 23:30:15,22.381999999999998,{},21.415,{}
1565157615700,2019-08-07 00:00:15,22.360000000000003,{},21.423000000000002,{}
1565159416109,2019-08-07 00:30:16,22.217,{},21.336999999999996,{}
1565161214395,2019-08-07 01:00:14,22.181,{},21.274,{}
1565163014161,2019-08-07 01:30:14,22.15,{},21.276,{}
1565164814933,2019-08-07 02:00:14,22.159000000000002,{},21.204,{}
1565166614435,2019-08-07 02:30:14,24.483,{},22.064,{}
1565168415973,2019-08-07 03:00:15,24.741,{},23.833000000000002,{}
1565170213713,2019-08-07 03:30:13,24.605999999999998,{},23.71,{}
1565175617115,2019-08-07 05:00:17,24.234,{},23.450000000000003,{}
1565179214476,2019-08-07 06:00:14,24.066000000000003,{},23.311,{}
1565181015320,2019-08-07 06:30:15,24.056,{},23.218000000000004,{}
1565182814317,2019-08-07 07:00:14,23.990000000000002,{},23.22,{}
1565184613651,2019-08-07 07:30:13,23.877000000000002,{},23.201999999999998,{}
1565186415800,2019-08-07 08:00:15,23.869000000000003,{},23.043000000000006,{}
1565188213535,2019-08-07 08:30:13,23.805,{},23.119999999999997,{}
1565190015231,2019-08-07 09:00:15,23.729999999999997,{},23.096999999999998,{}
1565191803322,2019-08-07 09:30:03,23.915,{},22.854,{}
1565193603137,2019-08-07 10:00:03,24.024000000000004,{},22.951999999999998,{}
1565193662879,2019-08-07 10:01:02,24.02,{},22.968000000000004,{}
1565195403733,2019-08-07 10:30:03,24.076,{},23.033,{}
1565197203462,2019-08-07 11:00:03,24.061999999999998,{},23.081,{}
1565199002842,2019-08-07 11:30:02,24.040000000000003,{},23.101000000000003,{}
1565200802962,2019-08-07 12:00:02,24.046,{},22.954,{}
1565202602711,2019-08-07 12:30:02,23.948000000000004,{},22.773000000000003,{}
1565202662942,2019-08-07 12:31:02,23.897,{},22.801000000000002,{}
1565204402805,2019-08-07 13:00:02,23.815,{},22.674000000000003,{}
1565206202593,2019-08-07 13:30:02,23.790000000000003,{},22.624000000000002,{}
1565206262507,2019-08-07 13:31:02,23.734,{},22.654,{}
1565208002572,2019-08-07 14:00:02,23.840999999999998,{},22.696,{}
1565209802578,2019-08-07 14:30:02,23.843,{},22.669999999999998,{}
1565211602789,2019-08-07 15:00:02,23.779999999999998,{},22.561,{}
1565211662434,2019-08-07 15:01:02,23.805,{},22.527,{}
1565213407916,2019-08-07 15:30:07,23.656999999999996,{},22.424000000000003,{}
1565213464118,2019-08-07 15:31:04,23.649,{},22.433000000000003,{}
1565213523802,2019-08-07 15:32:03,23.641,{},22.400000000000002,{}
1565213583870,2019-08-07 15:33:03,23.649,{},22.400000000000002,{}
1565217015079,2019-08-07 16:30:15,23.472,{},22.159000000000002,{}
1565218815013,2019-08-07 17:00:15,23.511999999999997,{},22.352,{}
1565220613313,2019-08-07 17:30:13,23.528000000000002,{},22.416,{}
1565222415290,2019-08-07 18:00:15,23.511999999999997,{},22.424000000000003,{}
1565224214666,2019-08-07 18:30:14,23.535999999999998,{},22.424000000000003,{}
1565226014781,2019-08-07 19:00:14,23.504,{},22.375999999999998,{}
1565227815004,2019-08-07 19:30:15,23.448000000000004,{},22.352,{}
1565229615232,2019-08-07 20:00:15,23.423000000000002,{},22.279,{}
1565231414924,2019-08-07 20:30:14,23.391,{},22.215,{}
1565233214628,2019-08-07 21:00:14,23.375,{},22.191,{}
1565235013260,2019-08-07 21:30:13,23.351000000000003,{},22.159000000000002,{}
1565238615067,2019-08-07 22:30:15,23.27,{},22.07,{}
1565240416149,2019-08-07 23:00:16,23.230000000000004,{},22.014,{}
1565242214530,2019-08-07 23:30:14,23.206000000000003,{},21.989000000000004,{}
1565244015691,2019-08-08 00:00:15,24.543,{},24.028000000000002,{}
1565245814758,2019-08-08 00:30:14,24.487000000000002,{},23.947,{}
1565247613449,2019-08-08 01:00:13,24.471,{},23.858999999999998,{}
1565249417202,2019-08-08 01:30:17,24.398,{},23.761999999999997,{}
1565251214017,2019-08-08 02:00:14,24.35,{},23.656999999999996,{}
1565256615836,2019-08-08 03:30:15,24.213000000000005,{},23.448000000000004,{}
1565258413749,2019-08-08 04:00:13,24.205000000000002,{},23.399,{}
1565260215443,2019-08-08 04:30:15,24.205000000000002,{},23.351000000000003,{}
1565262015800,2019-08-08 05:00:15,24.165,{},23.295,{}
1565263813530,2019-08-08 05:30:13,24.116,{},23.238,{}
1565265616799,2019-08-08 06:00:16,24.092,{},23.198000000000004,{}
1565267412562,2019-08-08 06:30:12,24.084000000000003,{},23.182,{}
1565269214257,2019-08-08 07:00:14,24.052,{},23.117,{}
1565271013439,2019-08-08 07:30:13,24.028000000000002,{},23.085000000000004,{}
1565272816113,2019-08-08 08:00:16,24.02,{},23.053000000000004,{}
1565274615691,2019-08-08 08:30:15,24.011999999999997,{},23.069000000000003,{}
1565276414174,2019-08-08 09:00:14,24.052,{},23.077,{}
1565278215606,2019-08-08 09:30:15,24.141,{},23.093000000000004,{}
1565280015076,2019-08-08 10:00:15,24.165,{},23.125,{}
1565281813201,2019-08-08 10:30:13,24.165,{},23.108999999999998,{}
1565283616620,2019-08-08 11:00:16,24.237000000000002,{},23.085000000000004,{}
1565285414414,2019-08-08 11:30:14,24.294,{},23.754,{}
1565287216318,2019-08-08 12:00:16,24.326,{},23.802,{}
1565289015416,2019-08-08 12:30:15,24.431,{},23.883000000000003,{}
1565290815209,2019-08-08 13:00:15,24.447,{},23.906999999999996,{}
1565292615013,2019-08-08 13:30:15,24.421999999999997,{},23.858999999999998,{}
1565294413359,2019-08-08 14:00:13,24.374000000000002,{},23.802,{}
1565296215981,2019-08-08 14:30:15,24.189000000000004,{},23.625,{}
1565298014587,2019-08-08 15:00:14,24.044,{},23.488,{}
1565299815800,2019-08-08 15:30:15,23.947,{},23.375,{}
1565301615394,2019-08-08 16:00:15,23.979000000000003,{},23.406999999999996,{}
1565303414879,2019-08-08 16:30:14,24.035999999999998,{},23.472,{}
1565305216219,2019-08-08 17:00:16,23.923000000000002,{},23.432,{}
1565307013186,2019-08-08 17:30:13,23.785999999999998,{},23.319000000000003,{}
1565308815560,2019-08-08 18:00:15,23.608999999999998,{},23.158000000000005,{}
1565310613818,2019-08-08 18:30:13,23.511999999999997,{},22.996000000000002,{}
1565312415540,2019-08-08 19:00:15,23.423000000000002,{},22.908000000000005,{}
1565317816066,2019-08-08 20:30:16,23.238,{},22.698000000000004,{}
1565321414421,2019-08-08 21:30:14,23.117,{},22.586000000000002,{}
1565326816172,2019-08-08 23:00:16,22.996000000000002,{},22.465000000000003,{}
1565328613849,2019-08-08 23:30:13,22.972,{},22.424000000000003,{}
1565330415607,2019-08-09 00:00:15,22.948000000000004,{},22.400000000000002,{}
1565332214899,2019-08-09 00:30:14,22.908000000000005,{},22.360000000000003,{}
1565334016143,2019-08-09 01:00:16,22.908000000000005,{},22.32,{}
1565335814052,2019-08-09 01:30:14,22.884,{},22.32,{}
1565337614360,2019-08-09 02:00:14,22.868000000000002,{},22.296,{}
1565339416432,2019-08-09 02:30:16,22.851000000000003,{},22.279,{}
1565341215504,2019-08-09 03:00:15,22.835,{},22.263,{}
1565343016477,2019-08-09 03:30:16,22.803000000000004,{},22.223000000000003,{}
1565344815009,2019-08-09 04:00:15,22.779000000000003,{},22.191,{}
1565346616645,2019-08-09 04:30:16,22.771,{},22.166999999999998,{}
1565348413980,2019-08-09 05:00:13,22.755,{},22.166999999999998,{}
1565350214237,2019-08-09 05:30:14,22.730999999999998,{},22.142,{}
1565352015927,2019-08-09 06:00:15,22.69,{},22.102,{}
1565353814150,2019-08-09 06:30:14,22.634,{},22.038000000000004,{}
1565357414994,2019-08-09 07:30:14,22.642,{},22.014,{}
1565361016238,2019-08-09 08:30:16,22.625999999999998,{},21.941,{}
1565362814792,2019-08-09 09:00:14,22.666,{},21.909,{}
1565364616153,2019-08-09 09:30:16,22.746999999999996,{},21.925,{}
1565366415023,2019-08-09 10:00:15,22.94,{},22.006,{}
1565368216478,2019-08-09 10:30:16,23.077,{},22.271,{}
1565370014118,2019-08-09 11:00:14,23.198000000000004,{},22.416,{}
1565371813479,2019-08-09 11:30:13,23.27,{},22.505,{}
1565373616007,2019-08-09 12:00:16,23.327,{},22.408,{}
1565375415891,2019-08-09 12:30:15,23.358999999999998,{},22.441,{}
1565377215153,2019-08-09 13:00:15,23.375,{},22.400000000000002,{}
1565379013625,2019-08-09 13:30:13,23.335000000000004,{},22.384,{}
1565380815425,2019-08-09 14:00:15,23.358999999999998,{},22.392,{}
1565382614519,2019-08-09 14:30:14,23.206000000000003,{},22.239,{}
1565384415895,2019-08-09 15:00:15,23.125,{},22.102,{}
1565386215741,2019-08-09 15:30:15,23.045,{},22.061999999999998,{}
1565388013334,2019-08-09 16:00:13,23.077,{},22.046,{}
1565389815235,2019-08-09 16:30:15,23.005,{},21.916999999999998,{}
1565391615292,2019-08-09 17:00:15,22.875999999999998,{},21.699,{}
1565393415324,2019-08-09 17:30:15,22.746999999999996,{},21.561999999999998,{}
1565397016671,2019-08-09 18:30:16,22.513,{},21.336999999999996,{}
1565398815978,2019-08-09 19:00:15,22.424000000000003,{},21.232,{}
1565400613272,2019-08-09 19:30:13,22.311999999999998,{},21.135,{}
1565402414484,2019-08-09 20:00:14,22.223000000000003,{},21.031,{}
1565404215712,2019-08-09 20:30:15,22.142,{},20.965999999999998,{}
1565406012751,2019-08-09 21:00:12,22.094,{},20.901999999999997,{}
1565407814936,2019-08-09 21:30:14,22.046,{},20.861,{}
1565409614746,2019-08-09 22:00:14,22.006,{},20.805,{}
1565411416197,2019-08-09 22:30:16,21.941,{},20.749000000000002,{}
1565413215037,2019-08-09 23:00:15,21.885,{},20.700000000000003,{}
1565415016216,2019-08-09 23:30:16,21.844,{},20.644000000000002,{}
1565416813770,2019-08-10 00:00:13,21.78,{},20.604000000000003,{}
1565418613087,2019-08-10 00:30:13,21.772,{},20.571,{}
1565420416953,2019-08-10 01:00:16,21.764000000000003,{},20.546999999999997,{}
1565422214482,2019-08-10 01:30:14,21.724,{},20.499000000000002,{}
1565424016383,2019-08-10 02:00:16,21.643,{},20.451,{}
1565425815769,2019-08-10 02:30:15,21.611,{},20.394000000000002,{}
1565427614899,2019-08-10 03:00:14,21.586999999999996,{},20.37,{}
1565429413389,2019-08-10 03:30:13,21.514000000000003,{},20.322,{}
1565431214834,2019-08-10 04:00:14,21.498000000000005,{},20.298000000000002,{}
1565433015963,2019-08-10 04:30:15,21.482,{},20.305999999999997,{}
1565434813398,2019-08-10 05:00:13,21.45,{},20.273000000000003,{}
1565436615164,2019-08-10 05:30:15,21.401,{},20.217,{}
1565438413829,2019-08-10 06:00:13,21.393000000000004,{},20.233000000000004,{}
1565440213562,2019-08-10 06:30:13,21.353,{},20.193,{}
1565442014657,2019-08-10 07:00:14,21.361,{},20.185,{}
1565443813899,2019-08-10 07:30:13,21.353,{},20.169,{}
1565445616770,2019-08-10 08:00:16,21.321,{},20.169,{}
1565447415619,2019-08-10 08:30:15,21.321,{},20.160999999999998,{}
1565449217852,2019-08-10 09:00:17,21.353,{},20.169,{}
1565451015222,2019-08-10 09:30:15,21.353,{},20.169,{}
1565452814874,2019-08-10 10:00:14,21.329,{},20.160999999999998,{}
1565454616447,2019-08-10 10:30:16,25.083000000000006,{},25.107000000000003,{}
1565456414162,2019-08-10 11:00:14,24.914,{},24.737000000000002,{}
1565458216245,2019-08-10 11:30:16,24.825,{},24.576,{}
1565460014907,2019-08-10 12:00:14,24.761000000000003,{},24.439000000000004,{}
1565461812952,2019-08-10 12:30:12,24.761000000000003,{},24.366000000000003,{}
1565463615443,2019-08-10 13:00:15,24.68,{},24.261000000000003,{}
1565465415787,2019-08-10 13:30:15,24.769,{},24.406000000000002,{}
1565467215675,2019-08-10 14:00:15,24.866000000000003,{},24.495000000000005,{}
1565469015097,2019-08-10 14:30:15,24.801,{},24.398,{}
1565470816187,2019-08-10 15:00:16,24.777,{},24.35,{}
1565472614423,2019-08-10 15:30:14,24.801,{},24.326,{}
1565474414931,2019-08-10 16:00:14,24.840999999999998,{},24.310000000000002,{}
1565479817422,2019-08-10 17:30:17,24.68,{},24.028000000000002,{}
1565481614458,2019-08-10 18:00:14,24.592,{},23.875,{}
1565483415813,2019-08-10 18:30:15,24.503000000000004,{},23.761999999999997,{}
1565485213909,2019-08-10 19:00:13,24.413999999999998,{},23.697,{}
1565487015874,2019-08-10 19:30:15,24.366000000000003,{},23.616999999999997,{}
1565488815368,2019-08-10 20:00:15,24.334000000000003,{},23.577,{}
1565490616002,2019-08-10 20:30:16,24.261000000000003,{},23.511999999999997,{}
1565492416356,2019-08-10 21:00:16,24.237000000000002,{},23.44,{}
1565494214344,2019-08-10 21:30:14,24.149,{},23.391,{}
1565496013946,2019-08-10 22:00:13,24.116,{},23.335000000000004,{}
1565497816459,2019-08-10 22:30:16,24.076,{},23.287,{}
1565499613680,2019-08-10 23:00:13,24.02,{},23.238,{}
1565501416612,2019-08-10 23:30:16,24.004,{},23.19,{}
1565503214603,2019-08-11 00:00:14,23.971,{},23.141,{}
1565505015020,2019-08-11 00:30:15,23.923000000000002,{},23.125,{}
1565506813557,2019-08-11 01:00:13,23.875,{},23.077,{}
1565508613406,2019-08-11 01:30:13,23.858999999999998,{},23.045,{}
1565510416437,2019-08-11 02:00:16,23.85,{},23.005,{}
1565515816066,2019-08-11 03:30:16,23.761999999999997,{},22.956000000000003,{}
1565517615847,2019-08-11 04:00:15,23.746,{},22.924000000000003,{}
1565519415154,2019-08-11 04:30:15,23.705000000000002,{},22.916,{}
1565521214837,2019-08-11 05:00:14,23.722,{},22.868000000000002,{}
1565523015790,2019-08-11 05:30:15,23.656999999999996,{},22.851000000000003,{}
1565524814466,2019-08-11 06:00:14,23.649,{},22.835,{}
1565526615136,2019-08-11 06:30:15,23.649,{},22.819000000000003,{}
1565528414737,2019-08-11 07:00:14,23.625,{},22.803000000000004,{}
1565530214398,2019-08-11 07:30:14,23.625,{},22.795,{}
1565532015505,2019-08-11 08:00:15,23.656999999999996,{},22.811,{}
1565533815581,2019-08-11 08:30:15,23.673000000000002,{},22.835,{}
1565535616608,2019-08-11 09:00:16,23.697,{},22.86,{}
1565537413843,2019-08-11 09:30:13,23.722,{},22.900000000000002,{}
1565539216597,2019-08-11 10:00:16,23.85,{},22.948000000000004,{}
1565541013086,2019-08-11 10:30:13,24.181,{},23.133,{}
1565542813293,2019-08-11 11:00:13,24.245,{},23.19,{}
1565544615938,2019-08-11 11:30:15,24.261000000000003,{},23.174000000000003,{}
1565546414548,2019-08-11 12:00:14,24.277,{},23.166,{}
1565548215755,2019-08-11 12:30:15,24.221,{},23.093000000000004,{}
1565550014543,2019-08-11 13:00:14,24.221,{},23.101000000000003,{}
1565551814910,2019-08-11 13:30:14,24.181,{},23.045,{}
1565553613846,2019-08-11 14:00:13,24.108000000000004,{},22.924000000000003,{}
1565555412609,2019-08-11 14:30:12,23.971,{},22.787,{}
1565557217132,2019-08-11 15:00:17,23.866999999999997,{},22.698000000000004,{}
1565559014830,2019-08-11 15:30:14,23.77,{},22.618000000000002,{}
1565560815652,2019-08-11 16:00:15,23.754,{},22.553000000000004,{}
1565562614237,2019-08-11 16:30:14,23.714,{},22.521,{}
1565564414253,2019-08-11 17:00:14,23.689,{},22.505,{}
1565569816427,2019-08-11 18:30:16,23.544,{},22.352,{}
1565571614284,2019-08-11 19:00:14,23.488,{},22.287,{}
1565573415405,2019-08-11 19:30:15,23.448000000000004,{},22.215,{}
1565575212931,2019-08-11 20:00:12,23.406999999999996,{},22.183000000000003,{}
1565577013319,2019-08-11 20:30:13,23.351000000000003,{},22.125999999999998,{}
1565578814958,2019-08-11 21:00:14,23.311,{},22.061999999999998,{}
1565580634462,2019-08-11 21:30:34,23.238,{},22.038000000000004,{}
1565584216092,2019-08-11 22:30:16,23.166,{},21.956999999999997,{}
1565586013343,2019-08-11 23:00:13,23.141,{},21.925,{}
1565587815390,2019-08-11 23:30:15,23.108999999999998,{},21.893,{}
1565589615433,2019-08-12 00:00:15,23.069000000000003,{},21.836,{}
1565591416084,2019-08-12 00:30:16,23.053000000000004,{},21.82,{}
1565593215198,2019-08-12 01:00:15,23.029000000000003,{},21.788,{}
1565595016177,2019-08-12 01:30:16,22.980000000000004,{},21.772,{}
1565596814023,2019-08-12 02:00:14,22.948000000000004,{},21.706999999999997,{}
1565598614314,2019-08-12 02:30:14,22.932,{},21.691,{}
1565600415573,2019-08-12 03:00:15,22.868000000000002,{},21.667,{}
1565602214533,2019-08-12 03:30:14,22.851000000000003,{},21.619000000000003,{}
1565604016670,2019-08-12 04:00:16,22.811,{},21.579,{}
1565605814855,2019-08-12 04:30:14,22.779000000000003,{},21.561999999999998,{}
1565607615338,2019-08-12 05:00:15,22.779000000000003,{},21.53,{}
1565609416488,2019-08-12 05:30:16,22.771,{},21.514000000000003,{}
1565611212736,2019-08-12 06:00:12,22.746999999999996,{},21.465999999999998,{}
1565613015526,2019-08-12 06:30:15,22.714000000000002,{},21.465999999999998,{}
1565614824327,2019-08-12 07:00:24,22.706,{},21.458000000000002,{}
1565616616166,2019-08-12 07:30:16,22.714000000000002,{},21.433000000000003,{}
1565620215268,2019-08-12 08:30:15,22.706,{},21.433000000000003,{}
1565622014866,2019-08-12 09:00:14,22.714000000000002,{},21.433000000000003,{}
1565623814034,2019-08-12 09:30:14,22.779000000000003,{},21.409,{}
1565625615450,2019-08-12 10:00:15,23.021,{},21.482,{}
1565627413866,2019-08-12 10:30:13,23.19,{},21.643,{}
1565629215872,2019-08-12 11:00:15,23.311,{},21.82,{}
1565631012970,2019-08-12 11:30:12,23.432,{},21.949,{}
1565632813933,2019-08-12 12:00:13,23.496,{},21.989000000000004,{}
1565634616773,2019-08-12 12:30:16,23.552,{},22.054000000000002,{}
1565636414404,2019-08-12 13:00:14,23.601000000000003,{},22.094,{}
1565641815860,2019-08-12 14:30:15,23.649,{},22.061999999999998,{}
1565643613119,2019-08-12 15:00:13,23.511999999999997,{},21.877,{}
1565645413514,2019-08-12 15:30:13,23.351000000000003,{},21.949,{}
1565647216175,2019-08-12 16:00:16,23.327,{},21.916999999999998,{}
1565649013339,2019-08-12 16:30:13,23.261999999999997,{},21.836,{}
1565650815367,2019-08-12 17:00:15,23.061,{},21.627,{}
1565652613898,2019-08-12 17:30:13,22.916,{},21.474,{}
1565656216041,2019-08-12 18:30:16,22.714000000000002,{},21.232,{}
1565658014299,2019-08-12 19:00:14,22.625999999999998,{},21.176000000000002,{}
1565659816833,2019-08-12 19:30:16,22.561,{},21.127,{}
1565661614084,2019-08-12 20:00:14,22.489,{},21.015,{}
1565663415019,2019-08-12 20:30:15,22.392,{},20.942,{}
1565665213734,2019-08-12 21:00:13,22.344,{},20.886,{}
1565667015304,2019-08-12 21:30:15,22.263,{},20.845,{}
1565668815852,2019-08-12 22:00:15,22.191,{},20.765,{}
1565670615077,2019-08-12 22:30:15,22.125999999999998,{},20.708000000000002,{}
1565674215862,2019-08-12 23:30:15,22.006,{},20.604000000000003,{}
1565676016063,2019-08-13 00:00:16,21.956999999999997,{},20.579000000000004,{}
1565677815437,2019-08-13 00:30:15,21.916999999999998,{},20.523000000000003,{}
1565679613511,2019-08-13 01:00:13,21.836,{},20.467,{}
1565681415453,2019-08-13 01:30:15,21.788,{},20.418000000000003,{}
1565685015709,2019-08-13 02:30:15,21.691,{},20.354000000000003,{}
1565686813975,2019-08-13 03:00:13,21.643,{},20.314,{}
1565688613960,2019-08-13 03:30:13,21.611,{},20.289,{}
1565690415384,2019-08-13 04:00:15,21.554000000000002,{},20.217,{}
1565692213478,2019-08-13 04:30:13,21.53,{},20.185,{}
1565694016610,2019-08-13 05:00:16,21.474,{},20.144000000000002,{}
1565695814621,2019-08-13 05:30:14,21.393000000000004,{},20.112,{}
1565697616441,2019-08-13 06:00:16,21.385,{},20.080000000000002,{}
1565699414018,2019-08-13 06:30:14,21.336999999999996,{},20.032,{}
1565701213795,2019-08-13 07:00:13,21.313000000000002,{},20.016000000000002,{}
1565703015472,2019-08-13 07:30:15,21.297,{},19.999000000000002,{}
1565704813362,2019-08-13 08:00:13,21.264000000000003,{},19.999000000000002,{}
1565706614992,2019-08-13 08:30:14,21.256,{},19.983000000000004,{}
1565708414790,2019-08-13 09:00:14,21.256,{},19.975,{}
1565710213429,2019-08-13 09:30:13,21.305000000000003,{},19.967,{}
1565712016491,2019-08-13 10:00:16,21.561999999999998,{},20.064,{}
1565717414301,2019-08-13 11:30:14,22.110000000000003,{},20.491,{}
1565719215871,2019-08-13 12:00:15,22.247,{},20.588000000000005,{}
1565721013208,2019-08-13 12:30:13,22.296,{},20.628,{}
1565722815462,2019-08-13 13:00:15,22.352,{},20.636,{}
1565724615433,2019-08-13 13:30:15,22.368000000000002,{},20.588000000000005,{}
1565726414662,2019-08-13 14:00:14,22.360000000000003,{},20.531,{}
1565728215009,2019-08-13 14:30:15,22.336,{},20.459000000000003,{}
1565730014378,2019-08-13 15:00:14,22.271,{},20.346,{}
1565731816798,2019-08-13 15:30:16,22.191,{},20.233000000000004,{}
1565733614819,2019-08-13 16:00:14,22.110000000000003,{},20.104000000000003,{}
1565735413519,2019-08-13 16:30:13,22.022,{},19.959000000000003,{}
1565737216785,2019-08-13 17:00:16,21.885,{},19.798000000000002,{}
1565739014757,2019-08-13 17:30:14,21.699,{},19.580000000000002,{}
1565740815013,2019-08-13 18:00:15,21.482,{},19.315,{}
1565742615040,2019-08-13 18:30:15,21.272,{},19.105,{}
1565744413561,2019-08-13 19:00:13,21.103,{},18.936,{}
1565746213985,2019-08-13 19:30:13,20.965999999999998,{},18.799000000000003,{}
1565748013704,2019-08-13 20:00:13,20.878000000000004,{},18.686,{}
1565749815320,2019-08-13 20:30:15,20.781,{},18.589000000000002,{}
1565751613322,2019-08-13 21:00:13,20.636,{},18.501,{}
1565753414581,2019-08-13 21:30:14,20.571,{},18.428000000000004,{}
1565755215497,2019-08-13 22:00:15,20.506999999999998,{},18.388,{}
1565757016737,2019-08-13 22:30:16,20.443,{},18.331999999999997,{}
1565758814748,2019-08-13 23:00:14,20.362,{},18.267,{}
1565760614063,2019-08-13 23:30:14,20.281,{},18.203000000000003,{}
1565762415948,2019-08-14 00:00:15,20.209000000000003,{},18.145999999999997,{}
1565764213706,2019-08-14 00:30:13,20.128,{},18.098000000000003,{}
1565766015286,2019-08-14 01:00:15,20.032,{},17.993000000000002,{}
1565767814149,2019-08-14 01:30:14,19.983000000000004,{},17.961,{}
1565769615278,2019-08-14 02:00:15,19.919,{},17.889000000000003,{}
1565771415125,2019-08-14 02:30:15,19.87,{},17.84,{}
1565773214888,2019-08-14 03:00:14,19.805999999999997,{},17.8,{}
1565775015762,2019-08-14 03:30:15,19.741999999999997,{},17.768,{}
1565776815087,2019-08-14 04:00:15,19.669,{},17.703,{}
1565778613918,2019-08-14 04:30:13,19.645000000000003,{},17.679000000000002,{}
1565780417047,2019-08-14 05:00:17,19.580000000000002,{},17.623,{}
1565782245037,2019-08-14 05:30:45,19.516,{},17.59,{}
1565784015064,2019-08-14 06:00:15,19.46,{},17.558,{}
1565785813251,2019-08-14 06:30:13,19.451999999999998,{},17.542,{}
1565789415772,2019-08-14 07:30:15,19.411,{},17.526,{}
1565791228273,2019-08-14 08:00:28,19.371,{},17.51,{}
1565793014713,2019-08-14 08:30:14,19.387,{},17.494,{}
1565794814136,2019-08-14 09:00:14,19.355,{},17.518,{}
1565796616368,2019-08-14 09:30:16,19.411,{},17.526,{}
1565798415599,2019-08-14 10:00:15,19.653000000000002,{},17.59,{}
1565800216324,2019-08-14 10:30:16,19.814,{},17.792,{}
1565802016733,2019-08-14 11:00:16,19.959000000000003,{},17.937,{}
1565803814661,2019-08-14 11:30:14,20.104000000000003,{},18.074,{}
1565805615058,2019-08-14 12:00:15,20.225,{},18.138,{}
1565807414017,2019-08-14 12:30:14,20.322,{},18.235,{}
1565809227754,2019-08-14 13:00:27,20.225,{},18.106,{}
1565811013949,2019-08-14 13:30:13,20.314,{},18.154,{}
1565812815500,2019-08-14 14:00:15,20.346,{},18.203000000000003,{}
1565814615955,2019-08-14 14:30:15,20.305999999999997,{},18.122,{}
1565816412981,2019-08-14 15:00:12,20.088000000000005,{},17.889000000000003,{}
1565818215098,2019-08-14 15:30:15,19.854000000000003,{},17.679000000000002,{}
1565820014969,2019-08-14 16:00:14,19.838000000000005,{},17.639000000000003,{}
1565821814869,2019-08-14 16:30:14,19.758000000000003,{},17.582,{}
1565823613627,2019-08-14 17:00:13,19.621,{},17.454,{}
1565825414006,2019-08-14 17:30:14,19.548000000000002,{},17.365,{}
1565827215086,2019-08-14 18:00:15,19.346999999999998,{},17.139000000000003,{}
1565829015269,2019-08-14 18:30:15,19.162,{},16.946,{}
1565830815224,2019-08-14 19:00:15,18.984,{},16.761,{}
1565832615118,2019-08-14 19:30:15,18.847,{},16.648,{}
1565836216248,2019-08-14 20:30:16,18.557,{},16.366,{}
1565838013585,2019-08-14 21:00:13,18.461,{},16.261,{}
1565839815517,2019-08-14 21:30:15,18.316,{},16.180999999999997,{}
1565841614932,2019-08-14 22:00:14,18.227,{},16.116,{}
1565843415175,2019-08-14 22:30:15,18.145999999999997,{},16.06,{}
1565845214428,2019-08-14 23:00:14,18.058,{},15.995000000000001,{}
1565847014318,2019-08-14 23:30:14,17.977,{},15.931000000000001,{}
1565848815525,2019-08-15 00:00:15,17.929000000000002,{},15.882000000000001,{}
1565850614894,2019-08-15 00:30:14,17.848,{},15.842,{}
1565852416814,2019-08-15 01:00:16,17.784000000000002,{},15.786,{}
1565854213188,2019-08-15 01:30:13,17.719,{},15.754000000000001,{}
1565857816269,2019-08-15 02:30:16,17.582,{},15.657000000000002,{}
1565859613801,2019-08-15 03:00:13,17.518,{},15.592,{}
1565861416347,2019-08-15 03:30:16,17.445,{},15.568000000000001,{}
1565863213565,2019-08-15 04:00:13,17.397000000000002,{},15.536,{}
1565865015379,2019-08-15 04:30:15,17.333000000000002,{},15.472,{}
1565866816285,2019-08-15 05:00:16,17.276,{},15.447,{}
1565872214525,2019-08-15 06:30:14,17.107,{},15.351,{}
1565874016167,2019-08-15 07:00:16,17.099,{},15.318000000000001,{}
1565875815409,2019-08-15 07:30:15,17.075000000000003,{},15.294000000000002,{}
1565879415712,2019-08-15 08:30:15,17.035,{},15.318000000000001,{}
1565881214037,2019-08-15 09:00:14,17.027,{},15.318000000000001,{}
1565883014996,2019-08-15 09:30:14,17.043,{},15.302000000000001,{}
1565884814124,2019-08-15 10:00:14,17.333000000000002,{},15.399000000000001,{}
1565886615449,2019-08-15 10:30:15,17.55,{},15.649000000000001,{}
1565888415001,2019-08-15 11:00:15,17.768,{},15.825999999999999,{}
1565890215773,2019-08-15 11:30:15,17.913,{},15.995000000000001,{}
1565892015052,2019-08-15 12:00:15,18.026,{},16.108,{}
1565893814932,2019-08-15 12:30:14,18.074,{},15.834000000000001,{}
1565895614658,2019-08-15 13:00:14,18.122,{},15.85,{}
1565897414515,2019-08-15 13:30:14,18.130000000000003,{},15.802000000000001,{}
1565899215688,2019-08-15 14:00:15,18.122,{},15.770000000000001,{}
1565901016762,2019-08-15 14:30:16,17.985,{},15.617,{}
1565902815150,2019-08-15 15:00:15,18.009000000000004,{},15.649000000000001,{}
1565904613278,2019-08-15 15:30:13,17.752000000000002,{},15.383,{}
1565906415671,2019-08-15 16:00:15,17.655,{},15.335,{}
1565908215378,2019-08-15 16:30:15,17.558,{},15.165000000000001,{}
1565910014199,2019-08-15 17:00:14,17.405,{},15.173,{}
1565911815306,2019-08-15 17:30:15,17.276,{},15.045,{}
1565913613354,2019-08-15 18:00:13,17.091,{},14.819,{}
1565915413293,2019-08-15 18:30:13,16.898,{},14.649999999999999,{}
1565917215528,2019-08-15 19:00:15,16.745,{},14.400000000000002,{}
1565919014326,2019-08-15 19:30:14,16.608,{},14.255,{}
1565920815167,2019-08-15 20:00:15,16.463,{},14.142000000000001,{}
1565922613104,2019-08-15 20:30:13,16.358,{},14.062,{}
1565924414375,2019-08-15 21:00:14,16.245,{},13.980999999999998,{}
1565929816658,2019-08-15 22:30:16,16.003,{},13.755999999999998,{}
1565931612686,2019-08-15 23:00:12,15.955,{},13.683,{}
1565933414979,2019-08-15 23:30:14,15.874000000000002,{},13.651,{}
1565935213501,2019-08-16 00:00:13,15.809999999999999,{},13.594000000000001,{}
1565937016160,2019-08-16 00:30:16,15.770000000000001,{},13.546,{}
1565938814905,2019-08-16 01:00:14,15.697,{},13.498,{}
1565940615306,2019-08-16 01:30:15,15.625,{},13.441,{}
1565942415609,2019-08-16 02:00:15,15.575999999999999,{},13.392999999999999,{}
1565944215372,2019-08-16 02:30:15,15.512,{},13.345,{}
1565946016350,2019-08-16 03:00:16,15.431000000000001,{},13.288,{}
1565947814262,2019-08-16 03:30:14,15.423,{},13.248,{}
1565949614070,2019-08-16 04:00:14,15.367,{},13.232000000000003,{}
1565951416734,2019-08-16 04:30:16,15.327000000000002,{},13.200000000000001,{}
1565953214189,2019-08-16 05:00:14,15.278,{},13.167000000000002,{}
1565955015155,2019-08-16 05:30:15,15.238,{},13.142999999999999,{}
1565956813568,2019-08-16 06:00:13,15.198,{},13.095,{}
1565962216434,2019-08-16 07:30:16,15.190000000000001,{},13.111,{}
1565965843065,2019-08-16 08:30:43,15.254000000000001,{},13.126999999999999,{}
1565965845016,2019-08-16 08:30:45,15.254000000000001,{},13.126999999999999,{}
1565967615241,2019-08-16 09:00:15,15.278,{},13.200000000000001,{}
1565969415412,2019-08-16 09:30:15,14.948,{},13.224000000000002,{}
1565971214282,2019-08-16 10:00:14,15.037,{},13.296,{}
1565980215856,2019-08-16 12:30:15,14.980000000000002,{},13.965,{}
1565982014587,2019-08-16 13:00:14,14.811,{},13.892000000000001,{}
1565983814181,2019-08-16 13:30:14,14.859,{},13.997000000000002,{}
1565985616610,2019-08-16 14:00:16,14.802999999999999,{},14.013,{}
1565987413769,2019-08-16 14:30:13,14.779,{},14.036999999999999,{}
1565989216211,2019-08-16 15:00:16,14.730000000000002,{},14.036999999999999,{}
1565991013050,2019-08-16 15:30:13,14.593,{},13.957,{}
1565996415446,2019-08-16 17:00:15,14.036999999999999,{},13.538,{}
1565998216983,2019-08-16 17:30:16,13.788,{},13.296,{}
1566000014271,2019-08-16 18:00:14,13.651,{},13.167000000000002,{}
1566001815701,2019-08-16 18:30:15,13.489999999999998,{},13.03,{}
1566003614335,2019-08-16 19:00:14,13.361,{},12.892999999999999,{}
1566005413237,2019-08-16 19:30:13,13.224000000000002,{},12.748000000000001,{}
1566007215323,2019-08-16 20:00:15,13.095,{},12.644000000000002,{}
1566009014369,2019-08-16 20:30:14,12.982000000000001,{},12.539,{}
1566010815525,2019-08-16 21:00:15,12.902,{},12.475,{}
1566012615310,2019-08-16 21:30:15,12.797,{},12.418,{}
1566014416908,2019-08-16 22:00:16,12.716,{},12.329,{}
1566019816434,2019-08-16 23:30:16,12.483,{},12.136,{}
1566021612751,2019-08-17 00:00:12,12.45,{},12.128,{}
1566023416078,2019-08-17 00:30:16,12.370000000000001,{},12.056000000000001,{}
1566027015821,2019-08-17 01:30:15,12.265,{},11.959,{}
1566028815475,2019-08-17 02:00:15,12.184000000000001,{},11.902000000000001,{}
1566030613499,2019-08-17 02:30:13,12.136,{},11.845999999999998,{}
1566032414299,2019-08-17 03:00:14,12.112,{},11.845999999999998,{}
1566034214113,2019-08-17 03:30:14,12.056000000000001,{},11.798,{}
1566036015458,2019-08-17 04:00:15,11.975,{},11.749,{}
1566037814122,2019-08-17 04:30:14,11.959,{},11.701,{}
1566039614800,2019-08-17 05:00:14,11.951,{},11.677000000000001,{}
1566041416833,2019-08-17 05:30:16,11.886,{},11.661,{}
1566043213676,2019-08-17 06:00:13,11.854000000000001,{},11.645,{}
1566045015447,2019-08-17 06:30:15,11.822000000000003,{},11.629000000000001,{}
1566046816114,2019-08-17 07:00:16,11.814000000000002,{},11.62,{}
1566048615275,2019-08-17 07:30:15,11.829999999999998,{},11.645,{}
1566050415118,2019-08-17 08:00:15,11.829999999999998,{},11.645,{}
1566052216195,2019-08-17 08:30:16,11.878,{},11.685,{}
1566054015388,2019-08-17 09:00:15,11.935,{},11.749,{}
1566055813824,2019-08-17 09:30:13,11.999,{},11.806,{}
1566059415181,2019-08-17 10:30:15,12.072,{},11.829999999999998,{}
1566061214352,2019-08-17 11:00:14,12.048,{},11.806,{}
1566063013131,2019-08-17 11:30:13,12.015,{},11.782,{}
1566064814372,2019-08-17 12:00:14,12.007000000000001,{},11.790000000000001,{}
1566066615746,2019-08-17 12:30:15,12.160000000000002,{},11.911,{}
1566068414314,2019-08-17 13:00:14,12.338,{},12.128,{}
1566070215148,2019-08-17 13:30:15,12.507000000000001,{},12.168000000000001,{}
1566072014065,2019-08-17 14:00:14,12.570999999999998,{},12.281,{}
1566073814846,2019-08-17 14:30:14,12.354000000000001,{},12.064000000000002,{}
1566075615545,2019-08-17 15:00:15,12.338,{},12.152000000000001,{}
1566081015637,2019-08-17 16:30:15,12.064000000000002,{},11.862,{}
1566082815309,2019-08-17 17:00:15,12.023,{},11.87,{}
1566084614573,2019-08-17 17:30:14,12.104000000000001,{},11.999,{}
1566086414057,2019-08-17 18:00:14,12.104000000000001,{},11.927000000000001,{}
1566091815983,2019-08-17 19:30:15,11.774000000000001,{},11.572000000000001,{}
1566093613359,2019-08-17 20:00:13,11.709,{},11.532,{}
1566095413714,2019-08-17 20:30:13,11.661,{},11.491999999999999,{}
1566097214864,2019-08-17 21:00:14,11.588000000000001,{},11.419,{}
1566099013157,2019-08-17 21:30:13,11.588000000000001,{},11.402999999999999,{}
1566100815489,2019-08-17 22:00:15,11.532,{},11.355,{}
1566102614563,2019-08-17 22:30:14,11.508,{},11.330000000000002,{}
1566104417684,2019-08-17 23:00:17,11.427000000000001,{},11.258,{}
1566106213586,2019-08-17 23:30:13,11.363000000000001,{},11.21,{}
1566108013872,2019-08-18 00:00:13,11.314000000000002,{},11.177000000000001,{}
1566109816132,2019-08-18 00:30:16,11.242000000000003,{},11.113000000000001,{}
1566111612744,2019-08-18 01:00:12,11.218,{},11.073,{}
1566113415292,2019-08-18 01:30:15,11.169,{},11.04,{}
1566115215318,2019-08-18 02:00:15,11.137,{},11.015999999999998,{}
1566117016337,2019-08-18 02:30:16,11.089000000000002,{},11.000000000000002,{}
1566118814495,2019-08-18 03:00:14,11.04,{},10.968,{}
1566120612446,2019-08-18 03:30:12,11.024000000000001,{},10.92,{}
1566122415947,2019-08-18 04:00:15,10.975999999999999,{},10.902999999999999,{}
1566124214532,2019-08-18 04:30:14,10.927999999999999,{},10.886999999999999,{}
1566126017034,2019-08-18 05:00:17,10.911999999999999,{},10.871,{}
1566127815525,2019-08-18 05:30:15,10.984000000000002,{},10.886999999999999,{}
1566129615906,2019-08-18 06:00:15,10.968,{},10.935999999999998,{}
1566131415330,2019-08-18 06:30:15,10.992,{},10.96,{}
1566133215231,2019-08-18 07:00:15,11.032,{},10.944,{}
1566135016826,2019-08-18 07:30:16,11.032,{},10.992,{}
1566136813584,2019-08-18 08:00:13,11.065,{},10.984000000000002,{}
1566138614670,2019-08-18 08:30:14,11.073,{},11.008000000000001,{}
1566140415346,2019-08-18 09:00:15,11.097000000000001,{},11.057,{}
1566142213312,2019-08-18 09:30:13,11.129,{},11.073,{}
1566144015789,2019-08-18 10:00:15,11.145,{},11.113000000000001,{}
1566145814936,2019-08-18 10:30:14,11.225999999999999,{},11.129,{}
1566147616287,2019-08-18 11:00:16,11.314000000000002,{},11.225999999999999,{}
1566149412518,2019-08-18 11:30:12,11.588000000000001,{},11.484,{}
1566151223873,2019-08-18 12:00:23,11.854000000000001,{},11.685,{}
1566153015510,2019-08-18 12:30:15,11.967,{},11.838,{}
1566154813437,2019-08-18 13:00:13,12.104000000000001,{},11.951,{}
1566156615758,2019-08-18 13:30:15,12.200999999999999,{},12.048,{}
1566158413538,2019-08-18 14:00:13,12.225,{},12.104000000000001,{}
1566160215937,2019-08-18 14:30:15,12.257000000000001,{},12.112,{}
1566162013680,2019-08-18 15:00:13,12.200999999999999,{},12.128,{}
1566167414956,2019-08-18 16:30:14,12.064000000000002,{},12.007000000000001,{}
1566169214812,2019-08-18 17:00:14,12.015,{},11.894000000000002,{}
1566171016956,2019-08-18 17:30:16,11.87,{},11.757000000000001,{}
1566172816134,2019-08-18 18:00:16,11.693000000000001,{},11.515999999999998,{}
1566174615088,2019-08-18 18:30:15,11.540000000000001,{},11.306,{}
1566176413487,2019-08-18 19:00:13,11.427000000000001,{},11.177000000000001,{}
1566178215858,2019-08-18 19:30:15,11.306,{},11.048,{}
1566180013957,2019-08-18 20:00:13,11.185,{},10.935999999999998,{}
1566181816919,2019-08-18 20:30:16,11.081,{},10.847000000000001,{}
1566183613815,2019-08-18 21:00:13,10.992,{},10.750000000000002,{}
1566185414888,2019-08-18 21:30:14,10.895,{},10.702,{}
1566187215272,2019-08-18 22:00:15,10.886999999999999,{},10.646,{}
1566189013378,2019-08-18 22:30:13,10.791,{},10.605,{}
1566190814897,2019-08-18 23:00:14,10.71,{},10.557,{}
1566192614003,2019-08-18 23:30:14,10.71,{},10.517000000000001,{}
1566194415517,2019-08-19 00:00:15,10.638,{},10.459999999999999,{}
1566196215306,2019-08-19 00:30:15,10.605,{},10.427999999999999,{}
1566198014383,2019-08-19 01:00:14,10.581,{},10.395999999999999,{}
1566199815950,2019-08-19 01:30:15,10.533000000000001,{},10.388,{}
1566201614647,2019-08-19 02:00:14,10.404000000000002,{},10.339,{}
1566203441724,2019-08-19 02:30:41,10.404000000000002,{},10.291,{}
1566205216014,2019-08-19 03:00:16,10.38,{},10.267000000000001,{}
1566210616954,2019-08-19 04:30:16,10.283000000000001,{},10.210999999999999,{}
1566214215494,2019-08-19 05:30:15,10.235,{},10.186,{}
1566216014772,2019-08-19 06:00:14,10.219000000000001,{},10.178,{}
1566217812860,2019-08-19 06:30:12,10.235,{},10.178,{}
1566219615475,2019-08-19 07:00:15,10.227,{},10.178,{}
1566221413248,2019-08-19 07:30:13,10.219000000000001,{},10.63,{}
1566223213268,2019-08-19 08:00:13,19.121,{},22.594,{}
1566225015613,2019-08-19 08:30:15,22.69,{},23.222,{}
1566226815010,2019-08-19 09:00:15,22.851000000000003,{},22.86,{}
1566228615927,2019-08-19 09:30:15,22.892,{},22.602,{}
1566230414185,2019-08-19 10:00:14,23.005,{},22.496999999999996,{}
1566232214021,2019-08-19 10:30:14,23.117,{},22.545,{}
1566234015146,2019-08-19 11:00:15,23.141,{},22.481,{}
1566235818265,2019-08-19 11:30:18,23.906999999999996,{},22.763,{}
1566237615454,2019-08-19 12:00:15,23.891,{},22.650000000000002,{}
1566239414273,2019-08-19 12:30:14,23.85,{},22.529000000000003,{}
1566241216804,2019-08-19 13:00:16,23.810000000000002,{},22.408,{}
1566243016088,2019-08-19 13:30:16,23.77,{},22.368000000000002,{}
1566244812683,2019-08-19 14:00:12,23.729999999999997,{},22.271,{}
1566246615133,2019-08-19 14:30:15,23.568,{},22.086,{}
1566248415130,2019-08-19 15:00:15,23.488,{},21.981,{}
1566250215126,2019-08-19 15:30:15,23.399,{},21.844,{}
1566252013688,2019-08-19 16:00:13,23.303000000000004,{},21.740000000000002,{}
1566257416251,2019-08-19 17:30:16,22.956000000000003,{},21.305000000000003,{}
1566259216235,2019-08-19 18:00:16,22.843000000000004,{},21.168000000000003,{}
1566261014518,2019-08-19 18:30:14,22.730999999999998,{},21.039,{}
1566262814805,2019-08-19 19:00:14,22.658000000000005,{},20.934,{}
1566264613085,2019-08-19 19:30:13,22.545,{},20.829,{}
1566266415188,2019-08-19 20:00:15,22.449,{},20.725,{}
1566268215115,2019-08-19 20:30:15,22.352,{},20.62,{}
1566270015178,2019-08-19 21:00:15,22.279,{},20.555,{}
1566271815177,2019-08-19 21:30:15,22.223000000000003,{},20.499000000000002,{}
1566273614018,2019-08-19 22:00:14,22.159000000000002,{},20.418000000000003,{}
1566275414843,2019-08-19 22:30:14,22.094,{},20.37,{}
1566277213188,2019-08-19 23:00:13,22.006,{},20.298000000000002,{}
1566279014713,2019-08-19 23:30:14,21.965,{},20.241,{}
1566280813934,2019-08-20 00:00:13,21.925,{},20.201,{}
1566282613137,2019-08-20 00:30:13,21.869000000000003,{},20.136,{}
1566284416298,2019-08-20 01:00:16,21.804000000000002,{},20.080000000000002,{}
1566286213361,2019-08-20 01:30:13,21.764000000000003,{},20.04,{}
1566288013402,2019-08-20 02:00:13,21.715,{},19.959000000000003,{}
1566289815249,2019-08-20 02:30:15,21.651,{},19.943,{}
1566291613567,2019-08-20 03:00:13,23.810000000000002,{},23.456000000000003,{}
1566293414464,2019-08-20 03:30:14,24.237000000000002,{},23.399,{}
1566295215106,2019-08-20 04:00:15,24.165,{},23.246,{}
1566297016574,2019-08-20 04:30:16,24.1,{},23.101000000000003,{}
1566298813466,2019-08-20 05:00:13,24.052,{},23.013,{}
1566300614450,2019-08-20 05:30:14,23.995,{},22.900000000000002,{}
1566302416958,2019-08-20 06:00:16,23.915,{},22.811,{}
1566304214278,2019-08-20 06:30:14,23.875,{},22.723000000000003,{}
1566306015567,2019-08-20 07:00:15,23.834000000000003,{},22.650000000000002,{}
1566307815513,2019-08-20 07:30:15,23.818,{},22.618000000000002,{}
1566309624456,2019-08-20 08:00:24,23.794,{},22.602,{}
1566311415470,2019-08-20 08:30:15,23.802,{},22.569000000000003,{}
1566313215224,2019-08-20 09:00:15,23.785999999999998,{},22.521,{}
1566315014292,2019-08-20 09:30:14,23.802,{},22.496999999999996,{}
1566316814274,2019-08-20 10:00:14,23.971,{},22.537,{}
1566318615319,2019-08-20 10:30:15,24.068000000000005,{},22.642,{}
1566320413237,2019-08-20 11:00:13,24.108000000000004,{},22.650000000000002,{}
1566322213962,2019-08-20 11:30:13,24.141,{},22.642,{}
1566324038286,2019-08-20 12:00:38,24.124000000000002,{},22.634,{}
1566329414991,2019-08-20 13:30:14,23.931,{},22.416,{}
1566331215396,2019-08-20 14:00:15,23.761999999999997,{},22.215,{}
1566333014486,2019-08-20 14:30:14,23.649,{},22.086,{}
1566334816170,2019-08-20 15:00:16,23.577,{},22.006,{}
1566336616947,2019-08-20 15:30:16,23.552,{},21.925,{}
1566338414110,2019-08-20 16:00:14,23.432,{},21.804000000000002,{}
1566340216226,2019-08-20 16:30:16,23.327,{},21.699,{}
1566342034864,2019-08-20 17:00:34,23.141,{},21.425,{}
1566347414729,2019-08-20 18:30:14,22.763,{},20.990000000000002,{}
1566349214725,2019-08-20 19:00:14,22.666,{},20.91,{}
1566351015781,2019-08-20 19:30:15,22.569000000000003,{},20.805,{}
1566352815000,2019-08-20 20:00:15,22.473000000000003,{},20.725,{}
1566354614259,2019-08-20 20:30:14,22.400000000000002,{},20.636,{}
1566356414175,2019-08-20 21:00:14,22.328000000000003,{},20.555,{}
1566358216551,2019-08-20 21:30:16,22.263,{},20.506999999999998,{}
1566360013696,2019-08-20 22:00:13,22.223000000000003,{},20.451,{}
1566361816566,2019-08-20 22:30:16,22.142,{},20.378,{}
1566363612994,2019-08-20 23:00:12,22.102,{},20.346,{}
1566365414277,2019-08-20 23:30:14,22.03,{},20.289,{}
1566367215372,2019-08-21 00:00:15,21.981,{},20.217,{}
1566369014924,2019-08-21 00:30:14,21.956999999999997,{},20.185,{}
1566370816457,2019-08-21 01:00:16,21.941,{},20.160999999999998,{}
1566372612823,2019-08-21 01:30:12,21.885,{},20.128,{}
1566374416242,2019-08-21 02:00:16,21.852,{},20.096,{}
1566376213614,2019-08-21 02:30:13,21.804000000000002,{},20.048000000000002,{}
1566378014182,2019-08-21 03:00:14,24.245,{},23.906999999999996,{}
1566379813942,2019-08-21 03:30:13,24.479000000000003,{},23.818,{}
1566381615062,2019-08-21 04:00:15,24.413999999999998,{},23.665,{}
1566383416914,2019-08-21 04:30:16,24.326,{},23.496,{}
1566385214325,2019-08-21 05:00:14,24.285999999999998,{},23.383000000000003,{}
1566387015355,2019-08-21 05:30:15,24.245,{},23.287,{}
1566388815101,2019-08-21 06:00:15,24.181,{},23.214000000000006,{}
1566390614636,2019-08-21 06:30:14,24.124000000000002,{},23.108999999999998,{}
1566392415210,2019-08-21 07:00:15,24.092,{},23.045,{}
1566394214092,2019-08-21 07:30:14,24.068000000000005,{},22.972,{}
1566396015359,2019-08-21 08:00:15,24.028000000000002,{},22.94,{}
1566397813794,2019-08-21 08:30:13,24.011999999999997,{},22.884,{}
1566399614634,2019-08-21 09:00:14,23.995,{},22.875999999999998,{}
1566401415092,2019-08-21 09:30:15,24.004,{},22.86,{}
1566403214981,2019-08-21 10:00:14,24.052,{},22.86,{}
1566405014790,2019-08-21 10:30:14,24.084000000000003,{},22.868000000000002,{}
1566406813576,2019-08-21 11:00:13,24.076,{},22.868000000000002,{}
1566408615628,2019-08-21 11:30:15,24.116,{},22.835,{}
1566410414200,2019-08-21 12:00:14,24.116,{},22.811,{}
1566412213635,2019-08-21 12:30:13,24.1,{},22.746999999999996,{}
1566414014950,2019-08-21 13:00:14,24.035999999999998,{},22.658000000000005,{}
1566415813528,2019-08-21 13:30:13,23.987,{},22.594,{}
1566417615478,2019-08-21 14:00:15,23.987,{},22.473000000000003,{}
1566419413676,2019-08-21 14:30:13,23.875,{},22.328000000000003,{}
1566424816217,2019-08-21 16:00:16,23.423000000000002,{},21.828000000000003,{}
1566426616484,2019-08-21 16:30:16,23.327,{},21.706999999999997,{}
1566428413711,2019-08-21 17:00:13,23.278000000000002,{},21.651,{}
1566430214362,2019-08-21 17:30:14,23.222,{},21.611,{}
1566432014301,2019-08-21 18:00:14,23.117,{},21.506,{}
1566433816977,2019-08-21 18:30:16,23.077,{},21.474,{}
1566435613749,2019-08-21 19:00:13,23.053000000000004,{},21.433000000000003,{}
1566437414686,2019-08-21 19:30:14,23.005,{},21.377,{}
1566439216633,2019-08-21 20:00:16,22.948000000000004,{},21.313000000000002,{}
1566441013462,2019-08-21 20:30:13,22.875999999999998,{},21.256,{}
1566442815316,2019-08-21 21:00:15,22.851000000000003,{},21.208000000000002,{}
1566448214488,2019-08-21 22:30:14,22.674000000000003,{},21.047,{}
1566450017333,2019-08-21 23:00:17,22.634,{},21.015,{}
1566451814477,2019-08-21 23:30:14,22.578000000000003,{},20.958000000000002,{}
1566453614184,2019-08-22 00:00:14,23.093000000000004,{},23.287,{}
1566455415078,2019-08-22 00:30:15,24.559,{},23.77,{}
1566457213523,2019-08-22 01:00:13,24.495000000000005,{},23.665,{}
1566459015748,2019-08-22 01:30:15,24.471,{},23.552,{}
1566460815724,2019-08-22 02:00:15,24.431,{},23.464000000000006,{}
1566462615444,2019-08-22 02:30:15,24.398,{},23.399,{}
1566464414740,2019-08-22 03:00:14,24.382,{},23.423000000000002,{}
1566466214009,2019-08-22 03:30:14,24.35,{},23.367,{}
1566471615005,2019-08-22 05:00:15,24.229000000000003,{},23.206000000000003,{}
1566473414496,2019-08-22 05:30:14,24.189000000000004,{},23.133,{}
1566475216185,2019-08-22 06:00:16,24.173000000000002,{},23.077,{}
1566475245961,2019-08-22 06:00:45,24.173000000000002,{},23.077,{}
1566477016832,2019-08-22 06:30:16,24.132,{},23.029000000000003,{}
1566478813934,2019-08-22 07:00:13,24.116,{},22.988,{}
1566480614932,2019-08-22 07:30:14,24.076,{},22.94,{}
1566482415622,2019-08-22 08:00:15,24.052,{},22.892,{}
1566484215281,2019-08-22 08:30:15,24.028000000000002,{},22.86,{}
1566486016982,2019-08-22 09:00:16,23.987,{},22.803000000000004,{}
1566487815817,2019-08-22 09:30:15,23.995,{},22.755,{}
1566489615009,2019-08-22 10:00:15,24.132,{},22.771,{}
1566491413571,2019-08-22 10:30:13,24.165,{},22.86,{}
1566493226298,2019-08-22 11:00:26,24.237000000000002,{},22.908000000000005,{}
1566495016749,2019-08-22 11:30:16,24.229000000000003,{},22.908000000000005,{}
1566496814254,2019-08-22 12:00:14,24.213000000000005,{},22.892,{}
1566498615300,2019-08-22 12:30:15,24.173000000000002,{},22.819000000000003,{}
1566500415165,2019-08-22 13:00:15,24.108000000000004,{},22.714000000000002,{}
1566502214656,2019-08-22 13:30:14,23.947,{},22.529000000000003,{}
1566504014172,2019-08-22 14:00:14,23.939000000000004,{},22.400000000000002,{}
1566505813945,2019-08-22 14:30:13,23.785999999999998,{},22.231,{}
1566507617222,2019-08-22 15:00:17,23.754,{},22.183000000000003,{}
1566509415572,2019-08-22 15:30:15,23.802,{},22.231,{}
1566511216141,2019-08-22 16:00:16,23.746,{},22.215,{}
1566513014785,2019-08-22 16:30:14,23.616999999999997,{},22.054000000000002,{}
1566514815089,2019-08-22 17:00:15,23.552,{},21.997,{}
1566516615392,2019-08-22 17:30:15,23.479999999999997,{},21.941,{}
1566518415112,2019-08-22 18:00:15,23.448000000000004,{},21.877,{}
1566520215135,2019-08-22 18:30:15,23.375,{},21.724,{}
1566522015061,2019-08-22 19:00:15,23.261999999999997,{},21.643,{}
1566523816029,2019-08-22 19:30:16,23.182,{},21.514000000000003,{}
1566525612737,2019-08-22 20:00:12,23.125,{},21.321,{}
1566527416106,2019-08-22 20:30:16,23.093000000000004,{},21.336999999999996,{}
1566529218307,2019-08-22 21:00:18,23.045,{},21.313000000000002,{}
1566531014725,2019-08-22 21:30:14,23.013,{},21.240000000000002,{}
1566532815583,2019-08-22 22:00:15,22.94,{},21.2,{}
1566534614038,2019-08-22 22:30:14,22.892,{},21.208000000000002,{}
1566536415495,2019-08-22 23:00:15,22.851000000000003,{},21.023000000000003,{}
1566538213106,2019-08-22 23:30:13,22.811,{},20.958000000000002,{}
1566540016027,2019-08-23 00:00:16,22.763,{},20.901999999999997,{}
1566540045602,2019-08-23 00:00:45,22.763,{},20.901999999999997,{}
1566541817496,2019-08-23 00:30:17,24.535,{},23.842,{}
1566545416215,2019-08-23 01:30:16,24.519,{},23.625,{}
1566545446071,2019-08-23 01:30:46,24.519,{},23.625,{}
1566547214615,2019-08-23 02:00:14,24.471,{},23.593,{}
1566549013859,2019-08-23 02:30:13,24.471,{},23.601000000000003,{}
1566550816583,2019-08-23 03:00:16,24.463000000000005,{},23.568,{}
1566552615278,2019-08-23 03:30:15,24.455000000000002,{},23.568,{}
1566554415623,2019-08-23 04:00:15,24.413999999999998,{},23.535999999999998,{}
1566556215351,2019-08-23 04:30:15,24.334000000000003,{},23.56,{}
1566558016183,2019-08-23 05:00:16,24.334000000000003,{},23.528000000000002,{}
1566559815384,2019-08-23 05:30:15,24.302,{},23.472,{}
1566561615514,2019-08-23 06:00:15,24.285999999999998,{},23.448000000000004,{}
1566563416762,2019-08-23 06:30:16,24.229000000000003,{},23.399,{}
1566565212967,2019-08-23 07:00:12,24.173000000000002,{},23.367,{}
1566567015707,2019-08-23 07:30:15,24.253000000000004,{},23.335000000000004,{}
1566568813530,2019-08-23 08:00:13,24.245,{},23.319000000000003,{}
1566570615354,2019-08-23 08:30:15,24.294,{},23.327,{}
1566572415991,2019-08-23 09:00:15,24.261000000000003,{},23.319000000000003,{}
1566574215944,2019-08-23 09:30:15,24.294,{},23.343,{}
1566576014852,2019-08-23 10:00:14,24.342,{},23.367,{}
1566577814793,2019-08-23 10:30:14,24.358000000000004,{},23.358999999999998,{}
1566579616419,2019-08-23 11:00:16,24.439000000000004,{},23.391,{}
1566581414261,2019-08-23 11:30:14,24.421999999999997,{},23.358999999999998,{}
1566583214625,2019-08-23 12:00:14,24.413999999999998,{},23.295,{}
1566585014565,2019-08-23 12:30:14,24.382,{},23.214000000000006,{}
1566586813640,2019-08-23 13:00:13,24.431,{},23.133,{}
1566588616197,2019-08-23 13:30:16,24.310000000000002,{},23.085000000000004,{}
1566590414545,2019-08-23 14:00:14,24.398,{},23.125,{}
1566592216692,2019-08-23 14:30:16,24.374000000000002,{},23.061,{}
1566594014504,2019-08-23 15:00:14,24.261000000000003,{},22.956000000000003,{}
1566595814120,2019-08-23 15:30:14,24.173000000000002,{},22.739,{}
1566597616530,2019-08-23 16:00:16,24.165,{},22.473000000000003,{}
1566599413837,2019-08-23 16:30:13,24.060000000000002,{},22.375999999999998,{}
1566601216729,2019-08-23 17:00:16,23.85,{},22.304000000000002,{}
1566603012456,2019-08-23 17:30:12,23.778000000000002,{},22.215,{}
1566606614612,2019-08-23 18:30:14,23.641,{},21.981,{}
1566608414063,2019-08-23 19:00:14,23.585000000000004,{},21.893,{}
1566610215589,2019-08-23 19:30:15,23.496,{},21.828000000000003,{}
1566612013637,2019-08-23 20:00:13,23.432,{},21.756,{}
1566613816206,2019-08-23 20:30:16,23.358999999999998,{},21.675,{}
1566615613616,2019-08-23 21:00:13,23.295,{},21.595,{}
1566617414695,2019-08-23 21:30:14,23.198000000000004,{},21.514000000000003,{}
1566619215725,2019-08-23 22:00:15,23.166,{},21.490000000000002,{}
1566621015078,2019-08-23 22:30:15,23.198000000000004,{},21.433000000000003,{}
1566622816953,2019-08-23 23:00:16,23.101000000000003,{},21.369000000000003,{}
1566624614309,2019-08-23 23:30:14,23.101000000000003,{},22.231,{}
1566630016475,2019-08-24 01:00:16,23.794,{},23.108999999999998,{}
1566631816106,2019-08-24 01:30:16,23.834000000000003,{},23.053000000000004,{}
1566633615188,2019-08-24 02:00:15,23.802,{},23.037,{}
1566635415464,2019-08-24 02:30:15,23.826,{},22.980000000000004,{}
1566637215231,2019-08-24 03:00:15,23.810000000000002,{},22.948000000000004,{}
1566639015928,2019-08-24 03:30:15,23.810000000000002,{},22.916,{}
1566640817245,2019-08-24 04:00:17,23.794,{},22.884,{}
1566642615325,2019-08-24 04:30:15,23.794,{},22.884,{}
1566644416427,2019-08-24 05:00:16,23.834000000000003,{},22.843000000000004,{}
1566646214621,2019-08-24 05:30:14,23.810000000000002,{},22.779000000000003,{}
1566648015376,2019-08-24 06:00:15,23.778000000000002,{},22.739,{}
1566649813991,2019-08-24 06:30:13,23.738,{},22.674000000000003,{}
1566651614226,2019-08-24 07:00:14,23.714,{},22.642,{}
1566653416291,2019-08-24 07:30:16,23.697,{},22.618000000000002,{}
1566655216075,2019-08-24 08:00:16,23.681,{},22.602,{}
1566657015688,2019-08-24 08:30:15,23.697,{},22.586000000000002,{}
1566660615382,2019-08-24 09:30:15,23.714,{},22.569000000000003,{}
1566662414133,2019-08-24 10:00:14,23.906999999999996,{},22.61,{}
1566664214811,2019-08-24 10:30:14,24.011999999999997,{},22.739,{}
1566666014880,2019-08-24 11:00:14,24.1,{},22.819000000000003,{}
1566667815320,2019-08-24 11:30:15,24.1,{},22.851000000000003,{}
1566669615558,2019-08-24 12:00:15,24.092,{},22.819000000000003,{}
1566671415356,2019-08-24 12:30:15,24.084000000000003,{},22.803000000000004,{}
1566673214570,2019-08-24 13:00:14,24.068000000000005,{},22.682,{}
1566675016613,2019-08-24 13:30:16,24.011999999999997,{},22.561,{}
1566676814513,2019-08-24 14:00:14,23.955000000000002,{},22.505,{}
1566678616143,2019-08-24 14:30:16,23.923000000000002,{},22.416,{}
1566680414699,2019-08-24 15:00:14,23.931,{},22.424000000000003,{}
1566682215660,2019-08-24 15:30:15,23.883000000000003,{},22.384,{}
1566684013038,2019-08-24 16:00:13,23.738,{},22.255,{}
1566685813677,2019-08-24 16:30:13,23.585000000000004,{},22.142,{}
1566687614837,2019-08-24 17:00:14,23.52,{},21.989000000000004,{}
1566689414345,2019-08-24 17:30:14,23.479999999999997,{},21.901,{}
1566691215503,2019-08-24 18:00:15,23.479999999999997,{},21.811999999999998,{}
1566693013866,2019-08-24 18:30:13,23.423000000000002,{},21.732,{}
1566694814092,2019-08-24 19:00:14,23.375,{},21.651,{}
1566696614788,2019-08-24 19:30:14,23.327,{},21.579,{}
1566698413170,2019-08-24 20:00:13,23.230000000000004,{},21.490000000000002,{}
1566700215212,2019-08-24 20:30:15,23.19,{},21.442,{}
1566702015128,2019-08-24 21:00:15,23.133,{},21.369000000000003,{}
1566703815058,2019-08-24 21:30:15,23.077,{},21.321,{}
1566705613647,2019-08-24 22:00:13,23.021,{},21.256,{}
1566707414183,2019-08-24 22:30:14,22.972,{},21.215999999999998,{}
1566709215096,2019-08-24 23:00:15,22.932,{},21.151999999999997,{}
1566711014012,2019-08-24 23:30:14,22.908000000000005,{},21.135,{}
1566712817042,2019-08-25 00:00:17,22.851000000000003,{},21.095,{}
1566714614953,2019-08-25 00:30:14,23.399,{},21.772,{}
1566716414609,2019-08-25 01:00:14,23.714,{},22.134,{}
1566718214023,2019-08-25 01:30:14,23.802,{},22.207,{}
1566720014745,2019-08-25 02:00:14,23.810000000000002,{},22.223000000000003,{}
1566721816263,2019-08-25 02:30:16,23.810000000000002,{},22.247,{}
1566723614069,2019-08-25 03:00:14,23.842,{},22.239,{}
1566725416511,2019-08-25 03:30:16,23.834000000000003,{},22.223000000000003,{}
1566727213960,2019-08-25 04:00:13,23.85,{},22.247,{}
1566729012856,2019-08-25 04:30:12,23.834000000000003,{},22.207,{}
1566730814869,2019-08-25 05:00:14,23.794,{},22.175,{}
1566732615522,2019-08-25 05:30:15,23.794,{},22.166999999999998,{}
1566734415723,2019-08-25 06:00:15,23.77,{},22.142,{}
1566736213934,2019-08-25 06:30:13,23.778000000000002,{},22.142,{}
1566738014944,2019-08-25 07:00:14,23.754,{},22.110000000000003,{}
1566738044838,2019-08-25 07:00:44,23.754,{},22.110000000000003,{}
1566738075073,2019-08-25 07:01:15,23.754,{},22.110000000000003,{}
1566743416268,2019-08-25 08:30:16,23.754,{},22.078000000000003,{}
1566745213858,2019-08-25 09:00:13,23.754,{},22.102,{}
1566747015350,2019-08-25 09:30:15,23.785999999999998,{},22.110000000000003,{}
1566747045228,2019-08-25 09:30:45,23.785999999999998,{},22.110000000000003,{}
1566748814196,2019-08-25 10:00:14,23.947,{},22.151,{}
1566750615185,2019-08-25 10:30:15,24.092,{},22.287,{}
1566754219619,2019-08-25 11:30:19,24.213000000000005,{},22.400000000000002,{}
1566756022481,2019-08-25 12:00:22,24.197,{},22.336,{}
1566756052401,2019-08-25 12:00:52,24.197,{},22.336,{}
1566761414629,2019-08-25 13:30:14,24.165,{},22.199,{}
1566763213649,2019-08-25 14:00:13,24.132,{},22.159000000000002,{}
1566765017962,2019-08-25 14:30:17,24.068000000000005,{},22.061999999999998,{}
1566765046400,2019-08-25 14:30:46,24.068000000000005,{},22.061999999999998,{}
1566765076364,2019-08-25 14:31:16,24.068000000000005,{},22.061999999999998,{}
1566768621483,2019-08-25 15:30:21,23.802,{},21.836,{}
1566770418506,2019-08-25 16:00:18,23.722,{},21.772,{}
1566772220032,2019-08-25 16:30:20,23.577,{},21.611,{}
1566774019182,2019-08-25 17:00:19,23.456000000000003,{},21.458000000000002,{}
1566775818161,2019-08-25 17:30:18,23.391,{},21.377,{}
1566777622201,2019-08-25 18:00:22,23.295,{},21.248000000000005,{}
1566779419707,2019-08-25 18:30:19,23.19,{},21.095,{}
1566781220644,2019-08-25 19:00:20,23.085000000000004,{},20.990000000000002,{}
1566783017805,2019-08-25 19:30:17,22.996000000000002,{},20.886,{}
1566784826791,2019-08-25 20:00:26,22.924000000000003,{},20.781,{}
1566786618466,2019-08-25 20:30:18,22.875999999999998,{},20.733,{}
1566788417982,2019-08-25 21:00:17,22.819000000000003,{},20.644000000000002,{}
1566790219622,2019-08-25 21:30:19,22.763,{},20.604000000000003,{}
1566793817114,2019-08-25 22:30:17,22.578000000000003,{},20.41,{}
1566797416739,2019-08-25 23:30:16,22.481,{},20.330000000000002,{}
1566799214871,2019-08-26 00:00:14,22.424000000000003,{},20.273000000000003,{}
1566801014022,2019-08-26 00:30:14,22.392,{},20.217,{}
1566801044730,2019-08-26 00:30:44,22.392,{},20.217,{}
1566801073749,2019-08-26 00:31:13,22.392,{},20.217,{}
1566804615613,2019-08-26 01:30:15,22.311999999999998,{},20.128,{}
1566808215878,2019-08-26 02:30:15,22.215,{},20.04,{}
1566808245195,2019-08-26 02:30:45,22.215,{},20.04,{}
1566819016099,2019-08-26 05:30:16,24.011999999999997,{},23.729999999999997,{}
1566820813751,2019-08-26 06:00:13,24.02,{},23.616999999999997,{}
1566822613947,2019-08-26 06:30:13,23.979000000000003,{},23.568,{}
1566822643771,2019-08-26 06:30:43,23.979000000000003,{},23.568,{}
1566822673722,2019-08-26 06:31:13,23.979000000000003,{},23.568,{}
1566829816468,2019-08-26 08:30:16,23.906999999999996,{},23.261999999999997,{}
1566833414840,2019-08-26 09:30:14,23.923000000000002,{},23.141,{}
1566833445054,2019-08-26 09:30:45,23.923000000000002,{},23.141,{}
1566833474756,2019-08-26 09:31:14,23.923000000000002,{},23.141,{}
1566837042193,2019-08-26 10:30:42,24.205000000000002,{},23.206000000000003,{}
1566838813758,2019-08-26 11:00:13,24.181,{},23.214000000000006,{}
1566840615369,2019-08-26 11:30:15,24.205000000000002,{},23.174000000000003,{}
1566842414390,2019-08-26 12:00:14,24.205000000000002,{},23.125,{}
1566844214145,2019-08-26 12:30:14,24.141,{},23.021,{}
1566846015161,2019-08-26 13:00:15,24.076,{},22.916,{}
1566847815256,2019-08-26 13:30:15,24.052,{},22.875999999999998,{}
1566847844748,2019-08-26 13:30:44,24.052,{},22.875999999999998,{}
1566851416271,2019-08-26 14:30:16,24.035999999999998,{},22.819000000000003,{}
1566851446288,2019-08-26 14:30:46,24.035999999999998,{},22.819000000000003,{}
1566853214052,2019-08-26 15:00:14,24.011999999999997,{},22.739,{}
1566855014168,2019-08-26 15:30:14,23.947,{},22.779000000000003,{}
1566856814651,2019-08-26 16:00:14,23.794,{},22.714000000000002,{}
1566858615314,2019-08-26 16:30:15,23.697,{},22.553000000000004,{}
1566860413534,2019-08-26 17:00:13,23.641,{},22.416,{}
1566862215335,2019-08-26 17:30:15,23.544,{},22.287,{}
1566864012925,2019-08-26 18:00:12,23.432,{},22.125999999999998,{}
1566865835642,2019-08-26 18:30:35,23.311,{},22.006,{}
1566869415900,2019-08-26 19:30:15,23.133,{},21.764000000000003,{}
1566871214675,2019-08-26 20:00:14,23.045,{},21.635,{}
1566873014127,2019-08-26 20:30:14,22.996000000000002,{},21.554000000000002,{}
1566874814746,2019-08-26 21:00:14,22.908000000000005,{},21.433000000000003,{}
1566876614469,2019-08-26 21:30:14,22.86,{},21.393000000000004,{}
1566878428053,2019-08-26 22:00:28,22.819000000000003,{},21.336999999999996,{}
1566880216035,2019-08-26 22:30:16,22.771,{},21.28,{}
1566882013481,2019-08-26 23:00:13,22.739,{},21.2,{}
1566883816225,2019-08-26 23:30:16,22.698000000000004,{},21.176000000000002,{}
1566885613404,2019-08-27 00:00:13,22.642,{},21.192,{}
1566887415736,2019-08-27 00:30:15,22.602,{},21.16,{}
1566889214850,2019-08-27 01:00:14,22.578000000000003,{},21.135,{}
1566891013734,2019-08-27 01:30:13,22.537,{},21.079,{}
1566892814946,2019-08-27 02:00:14,22.496999999999996,{},21.055,{}
1566894614913,2019-08-27 02:30:14,22.457,{},21.031,{}
1566896415161,2019-08-27 03:00:15,22.424000000000003,{},21.039,{}
1566898214696,2019-08-27 03:30:14,22.408,{},21.103,{}
1566900014009,2019-08-27 04:00:14,22.416,{},21.087,{}
1566901816396,2019-08-27 04:30:16,22.400000000000002,{},21.103,{}
1566903613238,2019-08-27 05:00:13,22.400000000000002,{},21.103,{}
1566905416650,2019-08-27 05:30:16,22.384,{},21.095,{}
1566909015112,2019-08-27 06:30:15,22.375999999999998,{},20.998,{}
1566910813050,2019-08-27 07:00:13,22.368000000000002,{},20.990000000000002,{}
1566912614480,2019-08-27 07:30:14,22.352,{},20.982,{}
1566914419683,2019-08-27 08:00:19,22.368000000000002,{},21.135,{}
1566916213038,2019-08-27 08:30:13,22.392,{},21.119000000000003,{}
1566918015966,2019-08-27 09:00:15,22.408,{},21.079,{}
1566919814810,2019-08-27 09:30:14,22.400000000000002,{},21.055,{}
1566921615512,2019-08-27 10:00:15,22.360000000000003,{},21.079,{}
1566923427326,2019-08-27 10:30:27,22.489,{},21.192,{}
1566925214321,2019-08-27 11:00:14,22.537,{},21.28,{}
1566927015883,2019-08-27 11:30:15,22.658000000000005,{},21.353,{}
1566928813946,2019-08-27 12:00:13,22.739,{},21.401,{}
1566930615347,2019-08-27 12:30:15,22.779000000000003,{},21.401,{}
