Timestamp,Human readable date,e00fce6872359b9131374b7c_dfrobot-sm3-calibrated,context_e00fce6872359b9131374b7c_dfrobot-sm3-calibrated,e00fce6872359b9131374b7c_dfrobot-sm6-calibrated,context_e00fce6872359b9131374b7c_dfrobot-sm6-calibrated
1564466415101,2019-07-30 00:00:15,29.370000000000008,{},29.183999999999997,{}
1564468214471,2019-07-30 00:30:14,29.246000000000006,{},28.854000000000003,{}
1564470015795,2019-07-30 01:00:15,29.370000000000008,{},28.746000000000006,{}
1564471813129,2019-07-30 01:30:13,29.278000000000006,{},28.913999999999994,{}
1564473612800,2019-07-30 02:00:12,29.556000000000004,{},29.036000000000005,{}
1564475416301,2019-07-30 02:30:16,29.410000000000004,{},29.112000000000005,{}
1564479014905,2019-07-30 03:30:14,29.580000000000005,{},29.14,{}
1564480815422,2019-07-30 04:00:15,29.556000000000004,{},29.198,{}
1564482612947,2019-07-30 04:30:12,29.488000000000003,{},29.123999999999995,{}
1564484414718,2019-07-30 05:00:14,29.723999999999997,{},29.23,{}
1564486214906,2019-07-30 05:30:14,29.778000000000006,{},29.278000000000006,{}
1564488016135,2019-07-30 06:00:16,29.700000000000003,{},29.123999999999995,{}
1564489814781,2019-07-30 06:30:14,29.671999999999997,{},28.932000000000002,{}
1564491616050,2019-07-30 07:00:16,29.584,{},29.12,{}
1564497015236,2019-07-30 08:30:15,29.370000000000008,{},29.052,{}
1564498815933,2019-07-30 09:00:15,29.564,{},29.222000000000005,{}
1564500615023,2019-07-30 09:30:15,29.656000000000006,{},29.25,{}
1564502413819,2019-07-30 10:00:13,29.394,{},29.052,{}
1564506016577,2019-07-30 11:00:16,29.398000000000003,{},29.12,{}
1564507816794,2019-07-30 11:30:16,29.366000000000003,{},29.374,{}
1564509618553,2019-07-30 12:00:18,29.333999999999993,{},29.159999999999997,{}
1564511418904,2019-07-30 12:30:18,29.326000000000008,{},29.044000000000004,{}
1564513217667,2019-07-30 13:00:17,29.242,{},29.04,{}
1564515020855,2019-07-30 13:30:20,29.281999999999996,{},29.103999999999996,{}
1564516820749,2019-07-30 14:00:20,29.072,{},28.951999999999998,{}
1564518618547,2019-07-30 14:30:18,29.20600000000001,{},28.653999999999996,{}
1564520416192,2019-07-30 15:00:16,29.04800000000001,{},28.849999999999998,{}
1564524034189,2019-07-30 16:00:34,29.198,{},28.960000000000008,{}
1564525814563,2019-07-30 16:30:14,29.381999999999998,{},28.948000000000008,{}
1564527614222,2019-07-30 17:00:14,29.274,{},28.902000000000005,{}
1564529412426,2019-07-30 17:30:12,29.354000000000003,{},28.733999999999998,{}
1564531216146,2019-07-30 18:00:16,29.152,{},28.834000000000003,{}
1564533015542,2019-07-30 18:30:15,29.238000000000007,{},28.810000000000002,{}
1564534815304,2019-07-30 19:00:15,29.354000000000003,{},28.886,{}
1564536613944,2019-07-30 19:30:13,29.358000000000008,{},28.948000000000008,{}
1564538415603,2019-07-30 20:00:15,29.330000000000002,{},28.870000000000008,{}
1564540212247,2019-07-30 20:30:12,29.374,{},28.862,{}
1564542014746,2019-07-30 21:00:14,29.370000000000008,{},28.936000000000007,{}
1564543815288,2019-07-30 21:30:15,29.326000000000008,{},28.738000000000003,{}
1564545613769,2019-07-30 22:00:13,29.398000000000003,{},28.793999999999997,{}
1564547415711,2019-07-30 22:30:15,29.222000000000005,{},28.678000000000004,{}
1564549214187,2019-07-30 23:00:14,29.326000000000008,{},28.834000000000003,{}
1564551014456,2019-07-30 23:30:14,29.349999999999998,{},28.653999999999996,{}
1564552814692,2019-07-31 00:00:14,29.330000000000002,{},28.753999999999998,{}
1564554613564,2019-07-31 00:30:13,29.233999999999995,{},28.62,{}
1564556415527,2019-07-31 01:00:15,29.390000000000004,{},28.76600000000001,{}
1564558215111,2019-07-31 01:30:15,29.442,{},28.718000000000004,{}
1564560015822,2019-07-31 02:00:15,29.433999999999994,{},28.758000000000006,{}
1564561814473,2019-07-31 02:30:14,29.342000000000002,{},28.536000000000005,{}
1564563613504,2019-07-31 03:00:13,29.381999999999998,{},28.532000000000004,{}
1564565416316,2019-07-31 03:30:16,29.354000000000003,{},28.714000000000002,{}
1564567215909,2019-07-31 04:00:15,29.394,{},28.714000000000002,{}
1564569014570,2019-07-31 04:30:14,29.483999999999998,{},28.726000000000006,{}
1564570814482,2019-07-31 05:00:14,29.43,{},28.698000000000008,{}
1564572625968,2019-07-31 05:30:25,29.358000000000008,{},28.698000000000008,{}
1564574414815,2019-07-31 06:00:14,29.30600000000001,{},28.483999999999998,{}
1564576213231,2019-07-31 06:30:13,29.54800000000001,{},28.584,{}
1564578017558,2019-07-31 07:00:17,29.476000000000003,{},28.416000000000007,{}
1564579814134,2019-07-31 07:30:14,29.390000000000004,{},28.662,{}
1564581616577,2019-07-31 08:00:16,29.168000000000006,{},28.412,{}
1564583413174,2019-07-31 08:30:13,29.330000000000002,{},28.383999999999997,{}
1564585214074,2019-07-31 09:00:14,29.188000000000002,{},28.42,{}
1564587015725,2019-07-31 09:30:15,29.262,{},28.392,{}
1564588812617,2019-07-31 10:00:12,29.136000000000006,{},28.26600000000001,{}
1564590614871,2019-07-31 10:30:14,29.068000000000005,{},28.404,{}
1564592412754,2019-07-31 11:00:12,29.12,{},28.186000000000007,{}
1564594215454,2019-07-31 11:30:15,29.068000000000005,{},28.576000000000008,{}
1564596012639,2019-07-31 12:00:12,28.722,{},28.543999999999997,{}
1564597815148,2019-07-31 12:30:15,28.690000000000005,{},28.572000000000003,{}
1564599615625,2019-07-31 13:00:15,28.62,{},28.616000000000007,{}
1564601414726,2019-07-31 13:30:14,28.726000000000006,{},28.6,{}
1564603214487,2019-07-31 14:00:14,28.528000000000002,{},28.612,{}
1564605013634,2019-07-31 14:30:13,28.483999999999998,{},28.62,{}
1564606814311,2019-07-31 15:00:14,28.722,{},28.71,{}
1564608613257,2019-07-31 15:30:13,28.556000000000004,{},28.500000000000004,{}
1564610414248,2019-07-31 16:00:14,28.552,{},28.540000000000003,{}
1564612215543,2019-07-31 16:30:15,28.476000000000006,{},28.616000000000007,{}
1564614013505,2019-07-31 17:00:13,28.576000000000008,{},28.556000000000004,{}
1564615814957,2019-07-31 17:30:14,28.436000000000007,{},28.451999999999998,{}
1564617614450,2019-07-31 18:00:14,28.536000000000005,{},28.424,{}
1564619414264,2019-07-31 18:30:14,28.48,{},28.492,{}
1564621215615,2019-07-31 19:00:15,28.38,{},28.560000000000002,{}
1564623013874,2019-07-31 19:30:13,28.476000000000006,{},28.306000000000004,{}
1564624814514,2019-07-31 20:00:14,28.468000000000004,{},28.448000000000008,{}
1564626614435,2019-07-31 20:30:14,28.412,{},28.632,{}
1564628415343,2019-07-31 21:00:15,28.472,{},28.388,{}
1564630214838,2019-07-31 21:30:14,28.342,{},28.428000000000004,{}
1564632015334,2019-07-31 22:00:15,28.35,{},28.362,{}
1564633815706,2019-07-31 22:30:15,28.258000000000006,{},28.326000000000008,{}
1564635613237,2019-07-31 23:00:13,28.322000000000003,{},28.38,{}
1564637416085,2019-07-31 23:30:16,28.346000000000004,{},28.290000000000003,{}
1564639213166,2019-08-01 00:00:13,28.318000000000005,{},28.408000000000005,{}
1564641014014,2019-08-01 00:30:14,28.372000000000003,{},28.214,{}
1564642815617,2019-08-01 01:00:15,28.298000000000005,{},28.334,{}
1564644613057,2019-08-01 01:30:13,28.322000000000003,{},28.293999999999997,{}
1564646415419,2019-08-01 02:00:15,28.190000000000005,{},28.118000000000006,{}
1564648214971,2019-08-01 02:30:14,28.250000000000004,{},28.278000000000002,{}
1564650015234,2019-08-01 03:00:15,28.138,{},28.258000000000006,{}
1564651814434,2019-08-01 03:30:14,28.004,{},28.036000000000005,{}
1564653614600,2019-08-01 04:00:14,28.178000000000004,{},28.133999999999997,{}
1564655414659,2019-08-01 04:30:14,28.242,{},28.214,{}
1564657213445,2019-08-01 05:00:13,28.072000000000003,{},28.27,{}
1564659014781,2019-08-01 05:30:14,28.306000000000004,{},27.996000000000006,{}
1564660814725,2019-08-01 06:00:14,28.306000000000004,{},28.068000000000005,{}
1564662614678,2019-08-01 06:30:14,28.093999999999998,{},27.872000000000003,{}
1564664414803,2019-08-01 07:00:14,28.064,{},27.983999999999998,{}
1564666215292,2019-08-01 07:30:15,28.076000000000008,{},27.843999999999998,{}
1564668015515,2019-08-01 08:00:15,28.114,{},28.166000000000007,{}
1564669814116,2019-08-01 08:30:14,28.150000000000002,{},28.056000000000008,{}
1564671615781,2019-08-01 09:00:15,28.246000000000006,{},27.892,{}
1564673415416,2019-08-01 09:30:15,28.064,{},28.133999999999997,{}
1564675212806,2019-08-01 10:00:12,28.098000000000006,{},28.023999999999997,{}
1564677016044,2019-08-01 10:30:16,28.098000000000006,{},27.892,{}
1564678815516,2019-08-01 11:00:15,27.951999999999998,{},28.048000000000005,{}
1564680615457,2019-08-01 11:30:15,27.828000000000003,{},27.730000000000004,{}
1564682416269,2019-08-01 12:00:16,27.896000000000004,{},27.562000000000005,{}
1564684214682,2019-08-01 12:30:14,27.943999999999996,{},27.540000000000003,{}
1564686013139,2019-08-01 13:00:13,27.876000000000005,{},27.516000000000005,{}
1564687814775,2019-08-01 13:30:14,27.798000000000005,{},27.578000000000003,{}
1564689615092,2019-08-01 14:00:15,27.77,{},27.388000000000005,{}
1564691413815,2019-08-01 14:30:13,27.654,{},27.250000000000004,{}
1564693217097,2019-08-01 15:00:17,27.693999999999996,{},27.42,{}
1564695013606,2019-08-01 15:30:13,27.806000000000008,{},27.3,{}
1564696814799,2019-08-01 16:00:14,27.773999999999997,{},27.190000000000005,{}
1564698614119,2019-08-01 16:30:14,27.666000000000007,{},27.456000000000007,{}
1564700415184,2019-08-01 17:00:15,27.726000000000006,{},27.36,{}
1564702215007,2019-08-01 17:30:15,27.614,{},27.340000000000003,{}
1564704014748,2019-08-01 18:00:14,27.738000000000003,{},27.388000000000005,{}
1564705814209,2019-08-01 18:30:14,27.586000000000006,{},27.21,{}
1564707614539,2019-08-01 19:00:14,27.646000000000004,{},27.130000000000003,{}
1564709413405,2019-08-01 19:30:13,27.582,{},27.190000000000005,{}
1564711215144,2019-08-01 20:00:15,27.52,{},27.280000000000005,{}
1564713013391,2019-08-01 20:30:13,27.590000000000003,{},27.038000000000007,{}
1564714815499,2019-08-01 21:00:15,27.618000000000002,{},27.174,{}
1564716613818,2019-08-01 21:30:13,27.674,{},26.972,{}
1564718416145,2019-08-01 22:00:16,27.451999999999998,{},27.114,{}
1564720213603,2019-08-01 22:30:13,27.516000000000005,{},27.062,{}
1564722013209,2019-08-01 23:00:13,27.364,{},27.07,{}
1564723815632,2019-08-01 23:30:15,27.392,{},26.880000000000003,{}
1564725613835,2019-08-02 00:00:13,27.480000000000004,{},26.896000000000004,{}
1564727414983,2019-08-02 00:30:14,27.424,{},26.900000000000002,{}
1564729214195,2019-08-02 01:00:14,27.512000000000004,{},26.79600000000001,{}
1564731007947,2019-08-02 01:30:07,27.480000000000004,{},26.916000000000007,{}
1564732813487,2019-08-02 02:00:13,27.304000000000002,{},26.748000000000005,{}
1564734613739,2019-08-02 02:30:13,27.432000000000002,{},26.844,{}
1564736414426,2019-08-02 03:00:14,27.348000000000006,{},26.723999999999997,{}
1564738214475,2019-08-02 03:30:14,27.372000000000003,{},26.804,{}
1564740016570,2019-08-02 04:00:16,27.42,{},26.728,{}
1564741815113,2019-08-02 04:30:15,27.46,{},26.566000000000006,{}
1564743614921,2019-08-02 05:00:14,27.266000000000005,{},26.473999999999997,{}
1564745414679,2019-08-02 05:30:14,27.262000000000004,{},26.626000000000005,{}
1564747213135,2019-08-02 06:00:13,27.276000000000007,{},26.558000000000003,{}
1564749015862,2019-08-02 06:30:15,27.308000000000003,{},26.498000000000005,{}
1564750814143,2019-08-02 07:00:14,27.114,{},26.44,{}
1564752615390,2019-08-02 07:30:15,27.276000000000007,{},26.646000000000008,{}
1564754414313,2019-08-02 08:00:14,27.276000000000007,{},26.450000000000003,{}
1564756213352,2019-08-02 08:30:13,27.464,{},26.328000000000003,{}
1564758014198,2019-08-02 09:00:14,27.328000000000003,{},26.514,{}
1564759812940,2019-08-02 09:30:12,27.214,{},26.466000000000005,{}
1564763416161,2019-08-02 10:30:16,27.340000000000003,{},26.76,{}
1564765213422,2019-08-02 11:00:13,27.291999999999998,{},26.598000000000006,{}
1564767012733,2019-08-02 11:30:12,27.222,{},26.188000000000006,{}
1564768815511,2019-08-02 12:00:15,27.146000000000004,{},26.046000000000006,{}
1564770616896,2019-08-02 12:30:16,27.154,{},26.264,{}
1564772412673,2019-08-02 13:00:12,27.190000000000005,{},26.372,{}
1564774216584,2019-08-02 13:30:16,26.968000000000004,{},25.933999999999997,{}
1564776012875,2019-08-02 14:00:12,27.086000000000006,{},26.082,{}
1564777815621,2019-08-02 14:30:15,27.01,{},26.006000000000007,{}
1564779616896,2019-08-02 15:00:16,26.832,{},25.962000000000003,{}
1564781413950,2019-08-02 15:30:13,26.86,{},25.894000000000002,{}
1564783214710,2019-08-02 16:00:14,26.678,{},25.462,{}
1564785013794,2019-08-02 16:30:13,26.791999999999998,{},25.38600000000001,{}
1564786814433,2019-08-02 17:00:14,26.526000000000003,{},25.054,{}
1564788612815,2019-08-02 17:30:12,26.670000000000005,{},25.072,{}
1564790415072,2019-08-02 18:00:15,26.522000000000002,{},24.866000000000003,{}
1564792216485,2019-08-02 18:30:16,26.436000000000003,{},24.756000000000007,{}
1564794014469,2019-08-02 19:00:14,26.533999999999995,{},24.858000000000004,{}
1564795814176,2019-08-02 19:30:14,26.462000000000003,{},24.568000000000005,{}
1564797612644,2019-08-02 20:00:12,26.473999999999997,{},24.266000000000005,{}
1564799413510,2019-08-02 20:30:13,26.408000000000005,{},24.322,{}
1564801214693,2019-08-02 21:00:14,26.316000000000006,{},24.160000000000004,{}
1564803014120,2019-08-02 21:30:14,26.363999999999997,{},24.184,{}
1564804814760,2019-08-02 22:00:14,26.336000000000006,{},23.992,{}
1564806613544,2019-08-02 22:30:13,26.291999999999998,{},24.063999999999997,{}
1564808414586,2019-08-02 23:00:14,26.223999999999997,{},24.016000000000005,{}
1564810213689,2019-08-02 23:30:13,26.102000000000004,{},23.802,{}
1564812014511,2019-08-03 00:00:14,26.158000000000005,{},23.966000000000005,{}
1564813814982,2019-08-03 00:30:14,26.208000000000002,{},23.616000000000003,{}
1564815614196,2019-08-03 01:00:14,26.10600000000001,{},23.802,{}
1564817415488,2019-08-03 01:30:15,26.158000000000005,{},23.742,{}
1564819215395,2019-08-03 02:00:15,26.082,{},23.648000000000003,{}
1564821015079,2019-08-03 02:30:15,26.018,{},23.762,{}
1564822815124,2019-08-03 03:00:15,26.113999999999997,{},23.410000000000004,{}
1564824615503,2019-08-03 03:30:15,26.006000000000007,{},23.54,{}
1564826415478,2019-08-03 04:00:15,26.192,{},23.444,{}
1564828213661,2019-08-03 04:30:13,26.038000000000004,{},23.313999999999997,{}
1564830015755,2019-08-03 05:00:15,25.872,{},23.270000000000003,{}
1564831813746,2019-08-03 05:30:13,26.086000000000002,{},23.432000000000002,{}
1564833613188,2019-08-03 06:00:13,26.038000000000004,{},23.250000000000004,{}
1564835415731,2019-08-03 06:30:15,26.002000000000002,{},23.221999999999998,{}
1564837212511,2019-08-03 07:00:12,26.006000000000007,{},23.084,{}
1564839016176,2019-08-03 07:30:16,25.848000000000006,{},23.072,{}
1564840813310,2019-08-03 08:00:13,26.041999999999998,{},23.274,{}
1564842616024,2019-08-03 08:30:16,26.038000000000004,{},23.214000000000002,{}
1564844414397,2019-08-03 09:00:14,25.978000000000005,{},23.242,{}
1564846213298,2019-08-03 09:30:13,26.070000000000004,{},23.100000000000005,{}
1564848016361,2019-08-03 10:00:16,26.022000000000002,{},23.096000000000004,{}
1564849814307,2019-08-03 10:30:14,26.162000000000003,{},23.218000000000004,{}
1564851615206,2019-08-03 11:00:15,26.113999999999997,{},23.628000000000004,{}
1564853412509,2019-08-03 11:30:12,26.154,{},24.003999999999998,{}
1564855215870,2019-08-03 12:00:15,26.154,{},24.008000000000003,{}
1564857013670,2019-08-03 12:30:13,26.05,{},24.318000000000005,{}
1564858812974,2019-08-03 13:00:12,25.812,{},24.236000000000008,{}
1564860614860,2019-08-03 13:30:14,25.776000000000003,{},24.410000000000004,{}
1564862413124,2019-08-03 14:00:13,25.784000000000002,{},24.334,{}
1564864216473,2019-08-03 14:30:16,25.691999999999997,{},24.240000000000002,{}
1564866014579,2019-08-03 15:00:14,25.648000000000003,{},24.381999999999998,{}
1564867816548,2019-08-03 15:30:16,24.818000000000005,{},24.152,{}
1564869615283,2019-08-03 16:00:15,24.490000000000002,{},24.116000000000003,{}
1564871415033,2019-08-03 16:30:15,24.358,{},24.048000000000002,{}
1564873226171,2019-08-03 17:00:26,24.152,{},24.060000000000002,{}
1564875015557,2019-08-03 17:30:15,23.702,{},23.721999999999998,{}
1564882214402,2019-08-03 19:30:14,22.988000000000003,{},22.71,{}
1564884015514,2019-08-03 20:00:15,22.996000000000006,{},22.762,{}
1564885816162,2019-08-03 20:30:16,22.903999999999996,{},22.576000000000008,{}
1564887615502,2019-08-03 21:00:15,22.892000000000003,{},22.451999999999998,{}
1564889412520,2019-08-03 21:30:12,22.606000000000005,{},22.440000000000005,{}
1564891214872,2019-08-03 22:00:14,22.690000000000005,{},22.443999999999996,{}
1564893014486,2019-08-03 22:30:14,22.793999999999997,{},22.290000000000003,{}
1564894815855,2019-08-03 23:00:15,22.483999999999998,{},22.090000000000003,{}
1564896613096,2019-08-03 23:30:13,22.46,{},22.142,{}
1564898415846,2019-08-04 00:00:15,22.290000000000003,{},22.106,{}
1564900212720,2019-08-04 00:30:12,22.360000000000003,{},21.792,{}
1564902015092,2019-08-04 01:00:15,22.26600000000001,{},22.082,{}
1564903815422,2019-08-04 01:30:15,22.293999999999997,{},21.948000000000008,{}
1564905614249,2019-08-04 02:00:14,22.388,{},21.722,{}
1564907414943,2019-08-04 02:30:14,22.218000000000004,{},21.761999999999997,{}
1564909214026,2019-08-04 03:00:14,22.098000000000006,{},21.811999999999998,{}
1564911015022,2019-08-04 03:30:15,22.198000000000008,{},21.693999999999996,{}
1564912814392,2019-08-04 04:00:14,22.046000000000003,{},21.78,{}
1564914612953,2019-08-04 04:30:12,21.951999999999998,{},21.633999999999997,{}
1564916415779,2019-08-04 05:00:15,22.106,{},21.518000000000004,{}
1564918213262,2019-08-04 05:30:13,22.162,{},21.292,{}
1564920015629,2019-08-04 06:00:15,22.003999999999994,{},21.323999999999998,{}
1564921813923,2019-08-04 06:30:13,21.983999999999998,{},21.428000000000004,{}
1564923613817,2019-08-04 07:00:13,21.852,{},21.468000000000004,{}
1564925413364,2019-08-04 07:30:13,21.896000000000004,{},21.336000000000006,{}
1564927215203,2019-08-04 08:00:15,21.888,{},19.894000000000002,{}
1564929015915,2019-08-04 08:30:15,22.114,{},19.780000000000005,{}
1564930815278,2019-08-04 09:00:15,22.098000000000006,{},19.796000000000006,{}
1564932614137,2019-08-04 09:30:14,22.186000000000007,{},19.918000000000003,{}
1564934414969,2019-08-04 10:00:14,22.222,{},19.823999999999998,{}
1564936214670,2019-08-04 10:30:14,22.32,{},19.954,{}
1564938015029,2019-08-04 11:00:15,22.07,{},20.228,{}
1564939814641,2019-08-04 11:30:14,22.21,{},20.642,{}
1564941614545,2019-08-04 12:00:14,22.472,{},21.126000000000005,{}
1564943412712,2019-08-04 12:30:12,22.206000000000003,{},21.133999999999997,{}
1564945214030,2019-08-04 13:00:14,22.27,{},21.122000000000003,{}
1564947014807,2019-08-04 13:30:14,22.323999999999998,{},21.3,{}
1564948814015,2019-08-04 14:00:14,22.186000000000007,{},21.166000000000007,{}
1564952415443,2019-08-04 15:00:15,21.872000000000003,{},20.351999999999997,{}
1564954215166,2019-08-04 15:30:15,21.678000000000004,{},20.10600000000001,{}
1564956013308,2019-08-04 16:00:13,21.558000000000003,{},20.002,{}
1564957814778,2019-08-04 16:30:14,21.800000000000004,{},20.183999999999997,{}
1564959616080,2019-08-04 17:00:16,21.693999999999996,{},20.426000000000005,{}
1564961413880,2019-08-04 17:30:13,21.642,{},20.073999999999998,{}
1564963214007,2019-08-04 18:00:14,21.443999999999996,{},19.768,{}
1564965013575,2019-08-04 18:30:13,21.468000000000004,{},19.576,{}
1564966814141,2019-08-04 19:00:14,21.304000000000002,{},19.288000000000004,{}
1564968614011,2019-08-04 19:30:14,21.138,{},19.248000000000005,{}
1564970412867,2019-08-04 20:00:12,21.073999999999998,{},19.228000000000005,{}
1564972214919,2019-08-04 20:30:14,21.158000000000005,{},19.060000000000006,{}
1564974013073,2019-08-04 21:00:13,20.950000000000003,{},18.970000000000002,{}
1564975815300,2019-08-04 21:30:15,20.85600000000001,{},18.894000000000005,{}
1564977614373,2019-08-04 22:00:14,20.848000000000006,{},18.854000000000003,{}
1564979414514,2019-08-04 22:30:14,20.732,{},18.532,{}
1564981212691,2019-08-04 23:00:12,20.692,{},18.398000000000003,{}
1564983014687,2019-08-04 23:30:14,20.712000000000003,{},18.430000000000003,{}
1564984814161,2019-08-05 00:00:14,20.804000000000002,{},18.426000000000002,{}
1564986614791,2019-08-05 00:30:14,20.764,{},18.48,{}
1564988415139,2019-08-05 01:00:15,20.566000000000006,{},18.318000000000005,{}
1564990214048,2019-08-05 01:30:14,20.55,{},18.386000000000003,{}
1564992014585,2019-08-05 02:00:14,20.654,{},18.242000000000004,{}
1564995616230,2019-08-05 03:00:16,20.650000000000002,{},18.246000000000002,{}
1564997414390,2019-08-05 03:30:14,20.486000000000004,{},18.084000000000007,{}
1564999214054,2019-08-05 04:00:14,20.586000000000006,{},18.036,{}
1565001014468,2019-08-05 04:30:14,20.442,{},18.194000000000006,{}
1565002814406,2019-08-05 05:00:14,20.558000000000003,{},18.14,{}
1565008214652,2019-08-05 06:30:14,20.401999999999997,{},18.028000000000006,{}
1565010014060,2019-08-05 07:00:14,20.430000000000003,{},17.849999999999998,{}
1565011813229,2019-08-05 07:30:13,20.582,{},18.068000000000005,{}
1565013616497,2019-08-05 08:00:16,20.482,{},17.988000000000003,{}
1565015413002,2019-08-05 08:30:13,20.442,{},18.016,{}
1565017213845,2019-08-05 09:00:13,20.35600000000001,{},18.020000000000003,{}
1565019014969,2019-08-05 09:30:14,20.566000000000006,{},17.906,{}
1565020814196,2019-08-05 10:00:14,20.82,{},18.044000000000004,{}
1565022614505,2019-08-05 10:30:14,20.986000000000004,{},18.35,{}
1565024413604,2019-08-05 11:00:13,21.142,{},18.386000000000003,{}
1565026214040,2019-08-05 11:30:14,19.926000000000005,{},19.124000000000002,{}
1565028015604,2019-08-05 12:00:15,19.962000000000003,{},19.820000000000004,{}
1565029815330,2019-08-05 12:30:15,19.950000000000003,{},19.954,{}
1565031615057,2019-08-05 13:00:15,19.918000000000003,{},20.308000000000003,{}
1565033414138,2019-08-05 13:30:14,19.712000000000003,{},20.618000000000002,{}
1565035215087,2019-08-05 14:00:15,18.194000000000006,{},20.082,{}
1565037014204,2019-08-05 14:30:14,17.866,{},19.342,{}
1565038813987,2019-08-05 15:00:13,18.031999999999996,{},19.446,{}
1565042415650,2019-08-05 16:00:15,17.886000000000003,{},19.906000000000006,{}
1565044214786,2019-08-05 16:30:14,17.682,{},19.276,{}
1565046013564,2019-08-05 17:00:13,17.29,{},18.758000000000003,{}
1565047813347,2019-08-05 17:30:13,17.126,{},18.672,{}
1565049615521,2019-08-05 18:00:15,16.944000000000003,{},18.454000000000004,{}
1565051413101,2019-08-05 18:30:13,16.848000000000003,{},18.262,{}
1565056816731,2019-08-05 20:00:16,16.574000000000005,{},17.886000000000003,{}
1565058614985,2019-08-05 20:30:14,16.496,{},17.520000000000003,{}
1565064016532,2019-08-05 22:00:16,16.328000000000003,{},17.424,{}
1565065814138,2019-08-05 22:30:14,16.516000000000002,{},17.29,{}
1565067614576,2019-08-05 23:00:14,16.276000000000003,{},17.094000000000005,{}
1565069414407,2019-08-05 23:30:14,16.250000000000004,{},17.114,{}
1565071215640,2019-08-06 00:00:15,16.432000000000002,{},17.154000000000003,{}
1565073013150,2019-08-06 00:30:13,16.348000000000003,{},16.98,{}
1565074816068,2019-08-06 01:00:16,16.226000000000003,{},16.900000000000006,{}
1565076614979,2019-08-06 01:30:14,16.061999999999998,{},16.888,{}
1565078414577,2019-08-06 02:00:14,16.296,{},17.052,{}
1565080215312,2019-08-06 02:30:15,16.166000000000004,{},16.900000000000006,{}
1565082013752,2019-08-06 03:00:13,16.166000000000004,{},16.82,{}
1565083816320,2019-08-06 03:30:16,15.984000000000004,{},16.82,{}
1565085612679,2019-08-06 04:00:12,16.158000000000005,{},16.758000000000006,{}
1565087415093,2019-08-06 04:30:15,16.046,{},16.546,{}
1565089213709,2019-08-06 05:00:13,16.07,{},16.67,{}
1565091014462,2019-08-06 05:30:14,16.276000000000003,{},16.42,{}
1565092814882,2019-08-06 06:00:14,16.01,{},16.57,{}
1565094614404,2019-08-06 06:30:14,16.006000000000004,{},16.444000000000003,{}
1565096414883,2019-08-06 07:00:14,16.01,{},16.586000000000002,{}
1565098213681,2019-08-06 07:30:13,15.864,{},16.412,{}
1565101814957,2019-08-06 08:30:14,16.250000000000004,{},16.476000000000003,{}
1565103617011,2019-08-06 09:00:17,16.238000000000003,{},16.654000000000003,{}
1565105413567,2019-08-06 09:30:13,16.344,{},16.689999999999998,{}
1565107213807,2019-08-06 10:00:13,20.772000000000002,{},16.860000000000003,{}
1565109014929,2019-08-06 10:30:14,29.774,{},27.21,{}
1565110813669,2019-08-06 11:00:13,29.632,{},28.334,{}
1565112616236,2019-08-06 11:30:16,29.680000000000007,{},29.148000000000007,{}
1565114415955,2019-08-06 12:00:15,29.846000000000007,{},29.910000000000004,{}
1565116215156,2019-08-06 12:30:15,29.652,{},29.74,{}
1565118017007,2019-08-06 13:00:17,29.61600000000001,{},29.793999999999997,{}
1565119815350,2019-08-06 13:30:15,29.612000000000005,{},29.716000000000008,{}
1565121614989,2019-08-06 14:00:14,29.491999999999997,{},29.664,{}
1565123414623,2019-08-06 14:30:14,29.54,{},29.374,{}
1565125215291,2019-08-06 15:00:15,29.503999999999998,{},29.54800000000001,{}
1565127014887,2019-08-06 15:30:14,29.354000000000003,{},29.572,{}
1565128813862,2019-08-06 16:00:13,29.378000000000004,{},29.374,{}
1565130617099,2019-08-06 16:30:17,29.503999999999998,{},29.43,{}
1565132413003,2019-08-06 17:00:13,29.310000000000002,{},29.49600000000001,{}
1565134217059,2019-08-06 17:30:17,29.483999999999998,{},29.366000000000003,{}
1565136014607,2019-08-06 18:00:14,29.390000000000004,{},29.652,{}
1565137814938,2019-08-06 18:30:14,29.346000000000004,{},29.500000000000004,{}
1565139614151,2019-08-06 19:00:14,29.378000000000004,{},29.52800000000001,{}
1565141414088,2019-08-06 19:30:14,29.520000000000003,{},29.402000000000005,{}
1565146815801,2019-08-06 21:00:15,29.45,{},29.52800000000001,{}
1565148614844,2019-08-06 21:30:14,29.676000000000002,{},29.454,{}
1565150414500,2019-08-06 22:00:14,29.52800000000001,{},29.49600000000001,{}
1565152215741,2019-08-06 22:30:15,29.53600000000001,{},29.59600000000001,{}
1565154013261,2019-08-06 23:00:13,29.54,{},29.433999999999994,{}
1565155815813,2019-08-06 23:30:15,29.568000000000005,{},29.398000000000003,{}
1565157615700,2019-08-07 00:00:15,29.53600000000001,{},29.503999999999998,{}
1565159416109,2019-08-07 00:30:16,29.552,{},29.61600000000001,{}
1565161214395,2019-08-07 01:00:14,29.491999999999997,{},29.52800000000001,{}
1565163014161,2019-08-07 01:30:14,29.652,{},29.433999999999994,{}
1565164814933,2019-08-07 02:00:14,29.556000000000004,{},29.544000000000004,{}
1565166614435,2019-08-07 02:30:14,30.152,{},30.020000000000003,{}
1565168415973,2019-08-07 03:00:15,30.171999999999997,{},30.191999999999997,{}
1565170213713,2019-08-07 03:30:13,30.288000000000004,{},30.301999999999996,{}
1565175617115,2019-08-07 05:00:17,30.088000000000005,{},30.259999999999998,{}
1565179214476,2019-08-07 06:00:14,29.933999999999994,{},30.216000000000008,{}
1565181015320,2019-08-07 06:30:15,30.11600000000001,{},30.30600000000001,{}
1565182814317,2019-08-07 07:00:14,30.028,{},30.200000000000003,{}
1565184613651,2019-08-07 07:30:13,30.12,{},30.080000000000005,{}
1565186415800,2019-08-07 08:00:15,30.04,{},30.256000000000004,{}
1565188213535,2019-08-07 08:30:13,29.966000000000005,{},30.010000000000005,{}
1565190015231,2019-08-07 09:00:15,30.010000000000005,{},30.232000000000003,{}
1565191803322,2019-08-07 09:30:03,29.898000000000003,{},30.196000000000012,{}
1565193603137,2019-08-07 10:00:03,29.93,{},30.084,{}
1565193662879,2019-08-07 10:01:02,29.732000000000003,{},29.95,{}
1565195403733,2019-08-07 10:30:03,29.838000000000008,{},29.918,{}
1565197203462,2019-08-07 11:00:03,29.712000000000003,{},29.978000000000005,{}
1565199002842,2019-08-07 11:30:02,29.608,{},29.974,{}
1565200802962,2019-08-07 12:00:02,29.508000000000003,{},29.727999999999998,{}
1565202602711,2019-08-07 12:30:02,29.652,{},29.716000000000008,{}
1565202662942,2019-08-07 12:31:02,29.632,{},29.628,{}
1565204402805,2019-08-07 13:00:02,29.766000000000005,{},29.80600000000001,{}
1565206202593,2019-08-07 13:30:02,29.700000000000003,{},29.830000000000002,{}
1565206262507,2019-08-07 13:31:02,29.572,{},30.044000000000004,{}
1565208002572,2019-08-07 14:00:02,29.64,{},29.826000000000008,{}
1565209802578,2019-08-07 14:30:02,29.671999999999997,{},29.659999999999997,{}
1565211602789,2019-08-07 15:00:02,29.584,{},29.894,{}
1565211662434,2019-08-07 15:01:02,29.512000000000004,{},29.652,{}
1565213407916,2019-08-07 15:30:07,29.581999999999997,{},29.712000000000003,{}
1565213464118,2019-08-07 15:31:04,29.598000000000003,{},29.759999999999998,{}
1565213523802,2019-08-07 15:32:03,29.566000000000003,{},29.696000000000012,{}
1565213583870,2019-08-07 15:33:03,29.598000000000003,{},29.712000000000003,{}
1565217015079,2019-08-07 16:30:15,29.680000000000007,{},29.759999999999998,{}
1565218815013,2019-08-07 17:00:15,29.727999999999998,{},29.759999999999998,{}
1565220613313,2019-08-07 17:30:13,29.727999999999998,{},29.823999999999995,{}
1565222415290,2019-08-07 18:00:15,29.712000000000003,{},29.791999999999994,{}
1565224214666,2019-08-07 18:30:14,29.680000000000007,{},29.791999999999994,{}
1565226014781,2019-08-07 19:00:14,29.744000000000003,{},29.776000000000003,{}
1565227815004,2019-08-07 19:30:15,29.759999999999998,{},29.808,{}
1565229615232,2019-08-07 20:00:15,29.696000000000012,{},29.759999999999998,{}
1565231414924,2019-08-07 20:30:14,29.696000000000012,{},29.791999999999994,{}
1565233214628,2019-08-07 21:00:14,29.744000000000003,{},29.791999999999994,{}
1565235013260,2019-08-07 21:30:13,29.776000000000003,{},29.823999999999995,{}
1565238615067,2019-08-07 22:30:15,29.776000000000003,{},29.791999999999994,{}
1565240416149,2019-08-07 23:00:16,29.759999999999998,{},29.744000000000003,{}
1565242214530,2019-08-07 23:30:14,29.776000000000003,{},29.872,{}
1565244015691,2019-08-08 00:00:15,30.098000000000003,{},30.244000000000003,{}
1565245814758,2019-08-08 00:30:14,30.130000000000003,{},30.403999999999996,{}
1565247613449,2019-08-08 01:00:13,30.146000000000008,{},30.372,{}
1565249417202,2019-08-08 01:30:17,30.146000000000008,{},30.22600000000001,{}
1565251214017,2019-08-08 02:00:14,30.146000000000008,{},30.356000000000005,{}
1565256615836,2019-08-08 03:30:15,30.130000000000003,{},30.291999999999998,{}
1565258413749,2019-08-08 04:00:13,30.130000000000003,{},30.244000000000003,{}
1565260215443,2019-08-08 04:30:15,30.098000000000003,{},30.291999999999998,{}
1565262015800,2019-08-08 05:00:15,30.130000000000003,{},30.194,{}
1565263813530,2019-08-08 05:30:13,30.066000000000003,{},30.259999999999998,{}
1565265616799,2019-08-08 06:00:16,30.098000000000003,{},30.244000000000003,{}
1565267412562,2019-08-08 06:30:12,30.113999999999997,{},30.291999999999998,{}
1565269214257,2019-08-08 07:00:14,30.049999999999997,{},30.259999999999998,{}
1565271013439,2019-08-08 07:30:13,30.081999999999997,{},30.210000000000004,{}
1565272816113,2019-08-08 08:00:16,30.049999999999997,{},30.210000000000004,{}
1565274615691,2019-08-08 08:30:15,30.113999999999997,{},30.22600000000001,{}
1565276414174,2019-08-08 09:00:14,30.049999999999997,{},30.22600000000001,{}
1565278215606,2019-08-08 09:30:15,29.954000000000004,{},30.146000000000008,{}
1565280015076,2019-08-08 10:00:15,29.954000000000004,{},30.081999999999997,{}
1565281813201,2019-08-08 10:30:13,29.903999999999996,{},30.066000000000003,{}
1565283616620,2019-08-08 11:00:16,29.936000000000007,{},30.033999999999995,{}
1565285414414,2019-08-08 11:30:14,29.92,{},30.130000000000003,{}
1565287216318,2019-08-08 12:00:16,29.888000000000005,{},30.066000000000003,{}
1565289015416,2019-08-08 12:30:15,29.808,{},29.92,{}
1565290815209,2019-08-08 13:00:15,29.727999999999998,{},30.001999999999995,{}
1565292615013,2019-08-08 13:30:15,29.680000000000007,{},29.903999999999996,{}
1565294413359,2019-08-08 14:00:13,29.664,{},29.872,{}
1565296215981,2019-08-08 14:30:15,29.744000000000003,{},29.888000000000005,{}
1565298014587,2019-08-08 15:00:14,29.791999999999994,{},29.986,{}
1565299815800,2019-08-08 15:30:15,29.759999999999998,{},29.936000000000007,{}
1565301615394,2019-08-08 16:00:15,29.744000000000003,{},29.903999999999996,{}
1565303414879,2019-08-08 16:30:14,29.664,{},29.970000000000006,{}
1565305216219,2019-08-08 17:00:16,29.646000000000004,{},29.823999999999995,{}
1565307013186,2019-08-08 17:30:13,29.598000000000003,{},29.888000000000005,{}
1565308815560,2019-08-08 18:00:15,29.646000000000004,{},29.872,{}
1565310613818,2019-08-08 18:30:13,29.613999999999997,{},29.84,{}
1565312415540,2019-08-08 19:00:15,29.613999999999997,{},29.856000000000005,{}
1565317816066,2019-08-08 20:30:16,29.696000000000012,{},29.936000000000007,{}
1565321414421,2019-08-08 21:30:14,29.712000000000003,{},29.84,{}
1565326816172,2019-08-08 23:00:16,29.727999999999998,{},29.903999999999996,{}
1565328613849,2019-08-08 23:30:13,29.759999999999998,{},29.92,{}
1565330415607,2019-08-09 00:00:15,29.727999999999998,{},29.856000000000005,{}
1565332214899,2019-08-09 00:30:14,29.712000000000003,{},29.856000000000005,{}
1565334016143,2019-08-09 01:00:16,29.712000000000003,{},29.903999999999996,{}
1565335814052,2019-08-09 01:30:14,29.727999999999998,{},29.872,{}
1565337614360,2019-08-09 02:00:14,29.696000000000012,{},29.888000000000005,{}
1565339416432,2019-08-09 02:30:16,29.759999999999998,{},29.84,{}
1565341215504,2019-08-09 03:00:15,29.776000000000003,{},29.856000000000005,{}
1565343016477,2019-08-09 03:30:16,29.712000000000003,{},29.872,{}
1565344815009,2019-08-09 04:00:15,29.727999999999998,{},29.903999999999996,{}
1565346616645,2019-08-09 04:30:16,29.727999999999998,{},29.888000000000005,{}
1565348413980,2019-08-09 05:00:13,29.712000000000003,{},29.903999999999996,{}
1565350214237,2019-08-09 05:30:14,29.744000000000003,{},29.872,{}
1565352015927,2019-08-09 06:00:15,29.791999999999994,{},29.936000000000007,{}
1565353814150,2019-08-09 06:30:14,29.823999999999995,{},29.888000000000005,{}
1565357414994,2019-08-09 07:30:14,29.759999999999998,{},29.92,{}
1565361016238,2019-08-09 08:30:16,29.776000000000003,{},29.84,{}
1565362814792,2019-08-09 09:00:14,29.791999999999994,{},29.823999999999995,{}
1565364616153,2019-08-09 09:30:16,29.727999999999998,{},29.84,{}
1565366415023,2019-08-09 10:00:15,29.664,{},29.744000000000003,{}
1565368216478,2019-08-09 10:30:16,29.646000000000004,{},29.727999999999998,{}
1565370014118,2019-08-09 11:00:14,29.502000000000006,{},29.744000000000003,{}
1565371813479,2019-08-09 11:30:13,29.518,{},29.613999999999997,{}
1565373616007,2019-08-09 12:00:16,29.470000000000006,{},29.581999999999997,{}
1565375415891,2019-08-09 12:30:15,29.40600000000001,{},29.566000000000003,{}
1565377215153,2019-08-09 13:00:15,29.372,{},29.518,{}
1565379013625,2019-08-09 13:30:13,29.323999999999995,{},29.502000000000006,{}
1565380815425,2019-08-09 14:00:15,29.323999999999995,{},29.486,{}
1565382614519,2019-08-09 14:30:14,29.34,{},29.454,{}
1565384415895,2019-08-09 15:00:15,29.323999999999995,{},29.533999999999992,{}
1565386215741,2019-08-09 15:30:15,29.356000000000005,{},29.43800000000001,{}
1565388013334,2019-08-09 16:00:13,29.308,{},29.422000000000004,{}
1565389815235,2019-08-09 16:30:15,29.276000000000003,{},29.470000000000006,{}
1565391615292,2019-08-09 17:00:15,29.212000000000003,{},29.356000000000005,{}
1565393415324,2019-08-09 17:30:15,29.276000000000003,{},29.422000000000004,{}
1565397016671,2019-08-09 18:30:16,29.323999999999995,{},29.40600000000001,{}
1565398815978,2019-08-09 19:00:15,29.259999999999998,{},29.454,{}
1565400613272,2019-08-09 19:30:13,29.276000000000003,{},29.470000000000006,{}
1565402414484,2019-08-09 20:00:14,29.291999999999994,{},29.43800000000001,{}
1565404215712,2019-08-09 20:30:15,29.34,{},29.43800000000001,{}
1565406012751,2019-08-09 21:00:12,29.323999999999995,{},29.422000000000004,{}
1565407814936,2019-08-09 21:30:14,29.308,{},29.40600000000001,{}
1565409614746,2019-08-09 22:00:14,29.291999999999994,{},29.276000000000003,{}
1565411416197,2019-08-09 22:30:16,29.372,{},29.422000000000004,{}
1565413215037,2019-08-09 23:00:15,29.323999999999995,{},29.422000000000004,{}
1565415016216,2019-08-09 23:30:16,29.34,{},29.308,{}
1565416813770,2019-08-10 00:00:13,29.323999999999995,{},29.390000000000004,{}
1565418613087,2019-08-10 00:30:13,29.34,{},29.43800000000001,{}
1565420416953,2019-08-10 01:00:16,29.34,{},29.390000000000004,{}
1565422214482,2019-08-10 01:30:14,29.356000000000005,{},29.422000000000004,{}
1565424016383,2019-08-10 02:00:16,29.356000000000005,{},29.40600000000001,{}
1565425815769,2019-08-10 02:30:15,29.356000000000005,{},29.356000000000005,{}
1565427614899,2019-08-10 03:00:14,29.323999999999995,{},29.40600000000001,{}
1565429413389,2019-08-10 03:30:13,29.34,{},29.372,{}
1565431214834,2019-08-10 04:00:14,29.356000000000005,{},29.34,{}
1565433015963,2019-08-10 04:30:15,29.372,{},29.323999999999995,{}
1565434813398,2019-08-10 05:00:13,29.372,{},29.372,{}
1565436615164,2019-08-10 05:30:15,29.34,{},29.34,{}
1565438413829,2019-08-10 06:00:13,29.34,{},29.291999999999994,{}
1565440213562,2019-08-10 06:30:13,29.323999999999995,{},29.259999999999998,{}
1565442014657,2019-08-10 07:00:14,29.390000000000004,{},29.291999999999994,{}
1565443813899,2019-08-10 07:30:13,29.372,{},29.308,{}
1565445616770,2019-08-10 08:00:16,29.323999999999995,{},29.308,{}
1565447415619,2019-08-10 08:30:15,29.276000000000003,{},29.308,{}
1565449217852,2019-08-10 09:00:17,29.308,{},29.34,{}
1565451015222,2019-08-10 09:30:15,29.308,{},29.291999999999994,{}
1565452814874,2019-08-10 10:00:14,29.308,{},29.276000000000003,{}
1565454616447,2019-08-10 10:30:16,30.276000000000003,{},30.372,{}
1565456414162,2019-08-10 11:00:14,30.276000000000003,{},30.484,{}
1565458216245,2019-08-10 11:30:16,30.244000000000003,{},30.291999999999998,{}
1565460014907,2019-08-10 12:00:14,30.22600000000001,{},30.403999999999996,{}
1565461812952,2019-08-10 12:30:12,30.162,{},30.372,{}
1565463615443,2019-08-10 13:00:15,30.162,{},30.356000000000005,{}
1565465415787,2019-08-10 13:30:15,30.146000000000008,{},30.244000000000003,{}
1565467215675,2019-08-10 14:00:15,30.162,{},30.356000000000005,{}
1565469015097,2019-08-10 14:30:15,30.178000000000004,{},30.323999999999995,{}
1565470816187,2019-08-10 15:00:16,30.146000000000008,{},30.372,{}
1565472614423,2019-08-10 15:30:14,30.113999999999997,{},30.291999999999998,{}
1565474414931,2019-08-10 16:00:14,30.081999999999997,{},30.210000000000004,{}
1565479817422,2019-08-10 17:30:17,29.986,{},30.146000000000008,{}
1565481614458,2019-08-10 18:00:14,29.986,{},30.162,{}
1565483415813,2019-08-10 18:30:15,30.001999999999995,{},30.22600000000001,{}
1565485213909,2019-08-10 19:00:13,30.018,{},30.194,{}
1565487015874,2019-08-10 19:30:15,30.066000000000003,{},30.113999999999997,{}
1565488815368,2019-08-10 20:00:15,29.986,{},30.113999999999997,{}
1565490616002,2019-08-10 20:30:16,30.049999999999997,{},30.178000000000004,{}
1565492416356,2019-08-10 21:00:16,30.018,{},30.162,{}
1565494214344,2019-08-10 21:30:14,30.049999999999997,{},30.259999999999998,{}
1565496013946,2019-08-10 22:00:13,30.098000000000003,{},30.162,{}
1565497816459,2019-08-10 22:30:16,30.018,{},30.210000000000004,{}
1565499613680,2019-08-10 23:00:13,30.066000000000003,{},30.210000000000004,{}
1565501416612,2019-08-10 23:30:16,30.018,{},30.244000000000003,{}
1565503214603,2019-08-11 00:00:14,30.098000000000003,{},30.194,{}
1565505015020,2019-08-11 00:30:15,30.033999999999995,{},30.244000000000003,{}
1565506813557,2019-08-11 01:00:13,30.130000000000003,{},30.210000000000004,{}
1565508613406,2019-08-11 01:30:13,30.066000000000003,{},30.244000000000003,{}
1565510416437,2019-08-11 02:00:16,30.018,{},30.162,{}
1565515816066,2019-08-11 03:30:16,30.001999999999995,{},30.194,{}
1565517615847,2019-08-11 04:00:15,30.018,{},30.210000000000004,{}
1565519415154,2019-08-11 04:30:15,30.049999999999997,{},30.244000000000003,{}
1565521214837,2019-08-11 05:00:14,30.113999999999997,{},30.162,{}
1565523015790,2019-08-11 05:30:15,30.113999999999997,{},30.210000000000004,{}
1565524814466,2019-08-11 06:00:14,30.066000000000003,{},30.244000000000003,{}
1565526615136,2019-08-11 06:30:15,30.113999999999997,{},30.244000000000003,{}
1565528414737,2019-08-11 07:00:14,30.049999999999997,{},30.259999999999998,{}
1565530214398,2019-08-11 07:30:14,30.049999999999997,{},30.194,{}
1565532015505,2019-08-11 08:00:15,30.018,{},30.22600000000001,{}
1565533815581,2019-08-11 08:30:15,30.018,{},30.259999999999998,{}
1565535616608,2019-08-11 09:00:16,30.018,{},30.162,{}
1565537413843,2019-08-11 09:30:13,30.001999999999995,{},30.162,{}
1565539216597,2019-08-11 10:00:16,30.001999999999995,{},30.22600000000001,{}
1565541013086,2019-08-11 10:30:13,29.823999999999995,{},30.130000000000003,{}
1565542813293,2019-08-11 11:00:13,29.823999999999995,{},30.066000000000003,{}
1565544615938,2019-08-11 11:30:15,29.791999999999994,{},30.066000000000003,{}
1565546414548,2019-08-11 12:00:14,29.776000000000003,{},30.018,{}
1565548215755,2019-08-11 12:30:15,29.744000000000003,{},30.049999999999997,{}
1565550014543,2019-08-11 13:00:14,29.759999999999998,{},29.970000000000006,{}
1565551814910,2019-08-11 13:30:14,29.727999999999998,{},29.954000000000004,{}
1565553613846,2019-08-11 14:00:13,29.712000000000003,{},30.018,{}
1565555412609,2019-08-11 14:30:12,29.776000000000003,{},29.936000000000007,{}
1565557217132,2019-08-11 15:00:17,29.808,{},30.018,{}
1565559014830,2019-08-11 15:30:14,29.744000000000003,{},29.92,{}
1565560815652,2019-08-11 16:00:15,29.744000000000003,{},29.888000000000005,{}
1565562614237,2019-08-11 16:30:14,29.791999999999994,{},30.001999999999995,{}
1565564414253,2019-08-11 17:00:14,29.727999999999998,{},29.888000000000005,{}
1565569816427,2019-08-11 18:30:16,29.791999999999994,{},29.92,{}
1565571614284,2019-08-11 19:00:14,29.744000000000003,{},29.856000000000005,{}
1565573415405,2019-08-11 19:30:15,29.759999999999998,{},29.970000000000006,{}
1565575212931,2019-08-11 20:00:12,29.808,{},29.936000000000007,{}
1565577013319,2019-08-11 20:30:13,29.791999999999994,{},29.903999999999996,{}
1565578814958,2019-08-11 21:00:14,29.808,{},29.872,{}
1565580634462,2019-08-11 21:30:34,29.84,{},29.92,{}
1565584216092,2019-08-11 22:30:16,29.84,{},30.018,{}
1565586013343,2019-08-11 23:00:13,29.823999999999995,{},29.92,{}
1565587815390,2019-08-11 23:30:15,29.872,{},29.84,{}
1565589615433,2019-08-12 00:00:15,29.84,{},29.970000000000006,{}
1565591416084,2019-08-12 00:30:16,29.808,{},30.049999999999997,{}
1565593215198,2019-08-12 01:00:15,29.872,{},29.954000000000004,{}
1565595016177,2019-08-12 01:30:16,29.84,{},29.92,{}
1565596814023,2019-08-12 02:00:14,29.856000000000005,{},29.92,{}
1565598614314,2019-08-12 02:30:14,29.856000000000005,{},29.936000000000007,{}
1565600415573,2019-08-12 03:00:15,29.856000000000005,{},29.936000000000007,{}
1565602214533,2019-08-12 03:30:14,29.84,{},29.936000000000007,{}
1565604016670,2019-08-12 04:00:16,29.936000000000007,{},29.92,{}
1565605814855,2019-08-12 04:30:14,29.856000000000005,{},29.92,{}
1565607615338,2019-08-12 05:00:15,29.888000000000005,{},29.92,{}
1565609416488,2019-08-12 05:30:16,29.888000000000005,{},29.903999999999996,{}
1565611212736,2019-08-12 06:00:12,29.888000000000005,{},29.903999999999996,{}
1565613015526,2019-08-12 06:30:15,29.888000000000005,{},29.970000000000006,{}
1565614824327,2019-08-12 07:00:24,29.888000000000005,{},29.872,{}
1565616616166,2019-08-12 07:30:16,29.936000000000007,{},29.823999999999995,{}
1565620215268,2019-08-12 08:30:15,29.888000000000005,{},29.970000000000006,{}
1565622014866,2019-08-12 09:00:14,29.888000000000005,{},29.954000000000004,{}
1565623814034,2019-08-12 09:30:14,29.84,{},29.970000000000006,{}
1565625615450,2019-08-12 10:00:15,29.776000000000003,{},29.84,{}
1565627413866,2019-08-12 10:30:13,29.744000000000003,{},29.903999999999996,{}
1565629215872,2019-08-12 11:00:15,29.664,{},29.776000000000003,{}
1565631012970,2019-08-12 11:30:12,29.646000000000004,{},29.823999999999995,{}
1565632813933,2019-08-12 12:00:13,29.566000000000003,{},29.646000000000004,{}
1565634616773,2019-08-12 12:30:16,29.518,{},29.664,{}
1565636414404,2019-08-12 13:00:14,29.486,{},29.549999999999997,{}
1565641815860,2019-08-12 14:30:15,29.390000000000004,{},29.518,{}
1565643613119,2019-08-12 15:00:13,29.454,{},29.518,{}
1565645413514,2019-08-12 15:30:13,29.40600000000001,{},29.581999999999997,{}
1565647216175,2019-08-12 16:00:16,29.422000000000004,{},29.454,{}
1565649013339,2019-08-12 16:30:13,29.40600000000001,{},29.533999999999992,{}
1565650815367,2019-08-12 17:00:15,29.43800000000001,{},29.533999999999992,{}
1565652613898,2019-08-12 17:30:13,29.43800000000001,{},29.533999999999992,{}
1565656216041,2019-08-12 18:30:16,29.454,{},29.454,{}
1565658014299,2019-08-12 19:00:14,29.43800000000001,{},29.518,{}
1565659816833,2019-08-12 19:30:16,29.454,{},29.454,{}
1565661614084,2019-08-12 20:00:14,29.454,{},29.549999999999997,{}
1565663415019,2019-08-12 20:30:15,29.470000000000006,{},29.502000000000006,{}
1565665213734,2019-08-12 21:00:13,29.470000000000006,{},29.454,{}
1565667015304,2019-08-12 21:30:15,29.470000000000006,{},29.549999999999997,{}
1565668815852,2019-08-12 22:00:15,29.502000000000006,{},29.581999999999997,{}
1565670615077,2019-08-12 22:30:15,29.43800000000001,{},29.43800000000001,{}
1565674215862,2019-08-12 23:30:15,29.502000000000006,{},29.518,{}
1565676016063,2019-08-13 00:00:16,29.502000000000006,{},29.470000000000006,{}
1565677815437,2019-08-13 00:30:15,29.454,{},29.533999999999992,{}
1565679613511,2019-08-13 01:00:13,29.518,{},29.486,{}
1565681415453,2019-08-13 01:30:15,29.518,{},29.40600000000001,{}
1565685015709,2019-08-13 02:30:15,29.502000000000006,{},29.454,{}
1565686813975,2019-08-13 03:00:13,29.486,{},29.502000000000006,{}
1565688613960,2019-08-13 03:30:13,29.486,{},29.454,{}
1565690415384,2019-08-13 04:00:15,29.486,{},29.470000000000006,{}
1565692213478,2019-08-13 04:30:13,29.470000000000006,{},29.390000000000004,{}
1565694016610,2019-08-13 05:00:16,29.518,{},29.518,{}
1565695814621,2019-08-13 05:30:14,29.502000000000006,{},29.43800000000001,{}
1565697616441,2019-08-13 06:00:16,29.502000000000006,{},29.470000000000006,{}
1565699414018,2019-08-13 06:30:14,29.533999999999992,{},29.422000000000004,{}
1565701213795,2019-08-13 07:00:13,29.454,{},29.390000000000004,{}
1565703015472,2019-08-13 07:30:15,29.486,{},29.372,{}
1565704813362,2019-08-13 08:00:13,29.470000000000006,{},29.40600000000001,{}
1565706614992,2019-08-13 08:30:14,29.533999999999992,{},29.34,{}
1565708414790,2019-08-13 09:00:14,29.470000000000006,{},29.390000000000004,{}
1565710213429,2019-08-13 09:30:13,29.470000000000006,{},29.356000000000005,{}
1565712016491,2019-08-13 10:00:16,29.390000000000004,{},29.308,{}
1565717414301,2019-08-13 11:30:14,29.291999999999994,{},29.22800000000001,{}
1565719215871,2019-08-13 12:00:15,29.276000000000003,{},29.132,{}
1565721013208,2019-08-13 12:30:13,29.132,{},29.100000000000005,{}
1565722815462,2019-08-13 13:00:15,29.100000000000005,{},29.196000000000012,{}
1565724615433,2019-08-13 13:30:15,29.116000000000007,{},29.116000000000007,{}
1565726414662,2019-08-13 14:00:14,29.081999999999997,{},29.066000000000003,{}
1565728215009,2019-08-13 14:30:15,29.002000000000006,{},29.100000000000005,{}
1565730014378,2019-08-13 15:00:14,28.970000000000006,{},29.081999999999997,{}
1565731816798,2019-08-13 15:30:16,28.986,{},29.034000000000006,{}
1565733614819,2019-08-13 16:00:14,28.954,{},29.018,{}
1565735413519,2019-08-13 16:30:13,28.922000000000004,{},29.066000000000003,{}
1565737216785,2019-08-13 17:00:16,28.874,{},29.066000000000003,{}
1565739014757,2019-08-13 17:30:14,28.842000000000002,{},28.986,{}
1565740815013,2019-08-13 18:00:15,28.810000000000002,{},29.066000000000003,{}
1565742615040,2019-08-13 18:30:15,28.826000000000008,{},28.986,{}
1565744413561,2019-08-13 19:00:13,28.792,{},28.970000000000006,{}
1565746213985,2019-08-13 19:30:13,28.792,{},29.002000000000006,{}
1565748013704,2019-08-13 20:00:13,28.792,{},28.826000000000008,{}
1565749815320,2019-08-13 20:30:15,28.792,{},28.842000000000002,{}
1565751613322,2019-08-13 21:00:13,28.76,{},28.890000000000004,{}
1565753414581,2019-08-13 21:30:14,28.792,{},28.890000000000004,{}
1565755215497,2019-08-13 22:00:15,28.743999999999996,{},28.858000000000004,{}
1565757016737,2019-08-13 22:30:16,28.696000000000005,{},28.826000000000008,{}
1565758814748,2019-08-13 23:00:14,28.728000000000005,{},28.842000000000002,{}
1565760614063,2019-08-13 23:30:14,28.712,{},28.842000000000002,{}
1565762415948,2019-08-14 00:00:15,28.664,{},28.810000000000002,{}
1565764213706,2019-08-14 00:30:13,28.696000000000005,{},28.712,{}
1565766015286,2019-08-14 01:00:15,28.632,{},28.728000000000005,{}
1565767814149,2019-08-14 01:30:14,28.648000000000007,{},28.712,{}
1565769615278,2019-08-14 02:00:15,28.648000000000007,{},28.696000000000005,{}
1565771415125,2019-08-14 02:30:15,28.6,{},28.68,{}
1565773214888,2019-08-14 03:00:14,28.664,{},28.743999999999996,{}
1565775015762,2019-08-14 03:30:15,28.568000000000005,{},28.632,{}
1565776815087,2019-08-14 04:00:15,28.664,{},28.616000000000007,{}
1565778613918,2019-08-14 04:30:13,28.6,{},28.712,{}
1565780417047,2019-08-14 05:00:17,28.616000000000007,{},28.632,{}
1565782245037,2019-08-14 05:30:45,28.6,{},28.648000000000007,{}
1565784015064,2019-08-14 06:00:15,28.6,{},28.584,{}
1565785813251,2019-08-14 06:30:13,28.584,{},28.584,{}
1565789415772,2019-08-14 07:30:15,28.6,{},28.568000000000005,{}
1565791228273,2019-08-14 08:00:28,28.568000000000005,{},28.486000000000004,{}
1565793014713,2019-08-14 08:30:14,28.518000000000004,{},28.584,{}
1565794814136,2019-08-14 09:00:14,28.502,{},28.536000000000005,{}
1565796616368,2019-08-14 09:30:16,28.584,{},28.536000000000005,{}
1565798415599,2019-08-14 10:00:15,28.552,{},28.552,{}
1565800216324,2019-08-14 10:30:16,28.502,{},28.536000000000005,{}
1565802016733,2019-08-14 11:00:16,28.486000000000004,{},28.486000000000004,{}
1565803814661,2019-08-14 11:30:14,28.374,{},28.454,{}
1565805615058,2019-08-14 12:00:15,28.342,{},28.552,{}
1565807414017,2019-08-14 12:30:14,28.342,{},28.648000000000007,{}
1565809227754,2019-08-14 13:00:27,28.261999999999997,{},28.6,{}
1565811013949,2019-08-14 13:30:13,28.212,{},28.486000000000004,{}
1565812815500,2019-08-14 14:00:15,28.164,{},28.518000000000004,{}
1565814615955,2019-08-14 14:30:15,28.116000000000007,{},28.486000000000004,{}
1565816412981,2019-08-14 15:00:12,28.02,{},28.470000000000002,{}
1565818215098,2019-08-14 15:30:15,27.972,{},28.422000000000004,{}
1565820014969,2019-08-14 16:00:14,27.954,{},28.502,{}
1565821814869,2019-08-14 16:30:14,27.890000000000004,{},28.454,{}
1565823613627,2019-08-14 17:00:13,27.842,{},28.390000000000004,{}
1565825414006,2019-08-14 17:30:14,27.778000000000002,{},28.422000000000004,{}
1565827215086,2019-08-14 18:00:15,27.746000000000002,{},28.310000000000002,{}
1565829015269,2019-08-14 18:30:15,27.682000000000002,{},28.326000000000008,{}
1565830815224,2019-08-14 19:00:15,27.648000000000007,{},28.293999999999997,{}
1565832615118,2019-08-14 19:30:15,27.632,{},28.148000000000007,{}
1565836216248,2019-08-14 20:30:16,27.6,{},28.052,{}
1565838013585,2019-08-14 21:00:13,27.6,{},28.1,{}
1565839815517,2019-08-14 21:30:15,27.552,{},28.068000000000005,{}
1565841614932,2019-08-14 22:00:14,27.536000000000005,{},28.068000000000005,{}
1565843415175,2019-08-14 22:30:15,27.488000000000007,{},27.988000000000003,{}
1565845214428,2019-08-14 23:00:14,27.504,{},28.052,{}
1565847014318,2019-08-14 23:30:14,27.472,{},27.954,{}
1565848815525,2019-08-15 00:00:15,27.488000000000007,{},27.890000000000004,{}
1565850614894,2019-08-15 00:30:14,27.456000000000007,{},27.858000000000004,{}
1565852416814,2019-08-15 01:00:16,27.456000000000007,{},27.810000000000002,{}
1565854213188,2019-08-15 01:30:13,27.408000000000005,{},27.826000000000008,{}
1565857816269,2019-08-15 02:30:16,27.374,{},27.730000000000004,{}
1565859613801,2019-08-15 03:00:13,27.408000000000005,{},27.698000000000008,{}
1565861416347,2019-08-15 03:30:16,27.408000000000005,{},27.682000000000002,{}
1565863213565,2019-08-15 04:00:13,27.374,{},27.632,{}
1565865015379,2019-08-15 04:30:15,27.374,{},27.6,{}
1565866816285,2019-08-15 05:00:16,27.310000000000002,{},27.583999999999996,{}
1565872214525,2019-08-15 06:30:14,27.262000000000004,{},27.472,{}
1565874016167,2019-08-15 07:00:16,27.246000000000002,{},27.358000000000004,{}
1565875815409,2019-08-15 07:30:15,27.310000000000002,{},27.358000000000004,{}
1565879415712,2019-08-15 08:30:15,27.262000000000004,{},27.358000000000004,{}
1565881214037,2019-08-15 09:00:14,27.246000000000002,{},27.342,{}
1565883014996,2019-08-15 09:30:14,27.262000000000004,{},27.278000000000002,{}
1565884814124,2019-08-15 10:00:14,27.278000000000002,{},27.326000000000008,{}
1565886615449,2019-08-15 10:30:15,27.310000000000002,{},27.408000000000005,{}
1565888415001,2019-08-15 11:00:15,27.246000000000002,{},27.504,{}
1565890215773,2019-08-15 11:30:15,27.262000000000004,{},27.504,{}
1565892015052,2019-08-15 12:00:15,27.262000000000004,{},27.583999999999996,{}
1565893814932,2019-08-15 12:30:14,27.198000000000004,{},27.6,{}
1565895614658,2019-08-15 13:00:14,27.198000000000004,{},27.568000000000005,{}
1565897414515,2019-08-15 13:30:14,27.150000000000002,{},27.536000000000005,{}
1565899215688,2019-08-15 14:00:15,27.068000000000005,{},27.568000000000005,{}
1565901016762,2019-08-15 14:30:16,27.004,{},27.552,{}
1565902815150,2019-08-15 15:00:15,26.988000000000007,{},27.568000000000005,{}
1565904613278,2019-08-15 15:30:13,26.876000000000005,{},27.52,{}
1565906415671,2019-08-15 16:00:15,26.86,{},27.456000000000007,{}
1565908215378,2019-08-15 16:30:15,26.778000000000002,{},27.358000000000004,{}
1565910014199,2019-08-15 17:00:14,26.714,{},27.198000000000004,{}
1565911815306,2019-08-15 17:30:15,26.633999999999997,{},27.198000000000004,{}
1565913613354,2019-08-15 18:00:13,26.570000000000004,{},26.956000000000007,{}
1565915413293,2019-08-15 18:30:13,26.520000000000003,{},26.94,{}
1565917215528,2019-08-15 19:00:15,26.456000000000007,{},26.730000000000004,{}
1565919014326,2019-08-15 19:30:14,26.408000000000005,{},26.682,{}
1565920815167,2019-08-15 20:00:15,26.344,{},26.504,{}
1565922613104,2019-08-15 20:30:13,26.312,{},26.408000000000005,{}
1565924414375,2019-08-15 21:00:14,26.264,{},26.472,{}
1565929816658,2019-08-15 22:30:16,26.198000000000004,{},26.280000000000005,{}
1565931612686,2019-08-15 23:00:12,26.166000000000007,{},26.230000000000004,{}
1565933414979,2019-08-15 23:30:14,26.150000000000002,{},26.118000000000002,{}
1565935213501,2019-08-16 00:00:13,26.102000000000004,{},26.006000000000007,{}
1565937016160,2019-08-16 00:30:16,26.118000000000002,{},26.006000000000007,{}
1565938814905,2019-08-16 01:00:14,26.022000000000002,{},26.022000000000002,{}
1565940615306,2019-08-16 01:30:15,26.022000000000002,{},25.973999999999997,{}
1565942415609,2019-08-16 02:00:15,26.054,{},25.956000000000007,{}
1565944215372,2019-08-16 02:30:15,25.990000000000002,{},25.956000000000007,{}
1565946016350,2019-08-16 03:00:16,25.956000000000007,{},25.732,{}
1565947814262,2019-08-16 03:30:14,26.006000000000007,{},25.828000000000007,{}
1565949614070,2019-08-16 04:00:14,25.956000000000007,{},25.828000000000007,{}
1565951416734,2019-08-16 04:30:16,25.94,{},25.732,{}
1565953214189,2019-08-16 05:00:14,25.908000000000005,{},25.812,{}
1565955015155,2019-08-16 05:30:15,25.908000000000005,{},25.7,{}
1565956813568,2019-08-16 06:00:13,25.844,{},25.666000000000004,{}
1565962216434,2019-08-16 07:30:16,25.86,{},25.538000000000004,{}
1565965843065,2019-08-16 08:30:43,25.908000000000005,{},25.650000000000002,{}
1565965845016,2019-08-16 08:30:45,25.908000000000005,{},25.650000000000002,{}
1565967615241,2019-08-16 09:00:15,25.908000000000005,{},25.634,{}
1565969415412,2019-08-16 09:30:15,25.876000000000005,{},25.684,{}
1565971214282,2019-08-16 10:00:14,25.923999999999996,{},25.666000000000004,{}
1565980215856,2019-08-16 12:30:15,24.796000000000006,{},26.198000000000004,{}
1565982014587,2019-08-16 13:00:14,24.636000000000006,{},26.214,{}
1565983814181,2019-08-16 13:30:14,24.636000000000006,{},26.24600000000001,{}
1565985616610,2019-08-16 14:00:16,24.604,{},26.24600000000001,{}
1565987413769,2019-08-16 14:30:13,24.538000000000004,{},26.408000000000005,{}
1565989216211,2019-08-16 15:00:16,24.426000000000002,{},26.376000000000005,{}
1565991013050,2019-08-16 15:30:13,24.298000000000002,{},26.328000000000003,{}
1565996415446,2019-08-16 17:00:15,23.668000000000006,{},26.086000000000002,{}
1565998216983,2019-08-16 17:30:16,23.492,{},25.908000000000005,{}
1566000014271,2019-08-16 18:00:14,23.428000000000004,{},25.892,{}
1566001815701,2019-08-16 18:30:15,23.298000000000002,{},25.684,{}
1566003614335,2019-08-16 19:00:14,23.233999999999998,{},25.618000000000002,{}
1566005413237,2019-08-16 19:30:13,23.103999999999996,{},25.458000000000002,{}
1566007215323,2019-08-16 20:00:15,23.056000000000004,{},25.392,{}
1566009014369,2019-08-16 20:30:14,22.96,{},25.248000000000005,{}
1566010815525,2019-08-16 21:00:15,22.88,{},25.168000000000003,{}
1566012615310,2019-08-16 21:30:15,22.848000000000003,{},25.120000000000005,{}
1566014416908,2019-08-16 22:00:16,22.718000000000004,{},25.102000000000004,{}
1566019816434,2019-08-16 23:30:16,22.606000000000005,{},24.926000000000002,{}
1566021612751,2019-08-17 00:00:12,22.573999999999998,{},24.862000000000002,{}
1566023416078,2019-08-17 00:30:16,22.540000000000006,{},24.763999999999996,{}
1566027015821,2019-08-17 01:30:15,22.46,{},24.716000000000005,{}
1566028815475,2019-08-17 02:00:15,22.428000000000004,{},24.668000000000006,{}
1566030613499,2019-08-17 02:30:13,22.348000000000006,{},24.684,{}
1566032414299,2019-08-17 03:00:14,22.348000000000006,{},24.604,{}
1566034214113,2019-08-17 03:30:14,22.332,{},24.538000000000004,{}
1566036015458,2019-08-17 04:00:15,22.31600000000001,{},24.506000000000007,{}
1566037814122,2019-08-17 04:30:14,22.268000000000004,{},24.330000000000002,{}
1566039614800,2019-08-17 05:00:14,22.233999999999998,{},24.330000000000002,{}
1566041416833,2019-08-17 05:30:16,22.218000000000004,{},24.281999999999996,{}
1566043213676,2019-08-17 06:00:13,22.201999999999998,{},24.362000000000002,{}
1566045015447,2019-08-17 06:30:15,22.233999999999998,{},24.232,{}
1566046816114,2019-08-17 07:00:16,22.186000000000007,{},24.266000000000005,{}
1566048615275,2019-08-17 07:30:15,22.201999999999998,{},24.298000000000002,{}
1566050415118,2019-08-17 08:00:15,22.201999999999998,{},24.330000000000002,{}
1566052216195,2019-08-17 08:30:16,22.284,{},24.298000000000002,{}
1566054015388,2019-08-17 09:00:15,22.31600000000001,{},24.378000000000004,{}
1566055813824,2019-08-17 09:30:13,22.332,{},24.394,{}
1566059415181,2019-08-17 10:30:15,22.396000000000004,{},24.442000000000004,{}
1566061214352,2019-08-17 11:00:14,22.348000000000006,{},24.378000000000004,{}
1566063013131,2019-08-17 11:30:13,22.364,{},24.378000000000004,{}
1566064814372,2019-08-17 12:00:14,22.412,{},24.298000000000002,{}
1566066615746,2019-08-17 12:30:15,22.443999999999996,{},24.442000000000004,{}
1566068414314,2019-08-17 13:00:14,22.718000000000004,{},24.556000000000004,{}
1566070215148,2019-08-17 13:30:15,22.718000000000004,{},24.652,{}
1566072014065,2019-08-17 14:00:14,21.638,{},24.846000000000007,{}
1566073814846,2019-08-17 14:30:14,21.316000000000006,{},24.732,{}
1566075615545,2019-08-17 15:00:15,21.284,{},24.748000000000005,{}
1566081015637,2019-08-17 16:30:15,20.541999999999998,{},24.458000000000002,{}
1566082815309,2019-08-17 17:00:15,20.541999999999998,{},24.458000000000002,{}
1566084614573,2019-08-17 17:30:14,20.14,{},24.556000000000004,{}
1566086414057,2019-08-17 18:00:14,20.124,{},24.442000000000004,{}
1566091815983,2019-08-17 19:30:15,19.85,{},24.184,{}
1566093613359,2019-08-17 20:00:13,19.85,{},24.104,{}
1566095413714,2019-08-17 20:30:13,19.738000000000007,{},24.04,{}
1566097214864,2019-08-17 21:00:14,19.688000000000006,{},24.024,{}
1566099013157,2019-08-17 21:30:13,19.624000000000002,{},23.958000000000002,{}
1566100815489,2019-08-17 22:00:15,19.624000000000002,{},24.008000000000003,{}
1566102614563,2019-08-17 22:30:14,19.56,{},23.958000000000002,{}
1566104417684,2019-08-17 23:00:17,19.512,{},23.910000000000004,{}
1566106213586,2019-08-17 23:30:13,19.464000000000002,{},23.878000000000004,{}
1566108013872,2019-08-18 00:00:13,19.464000000000002,{},23.830000000000002,{}
1566109816132,2019-08-18 00:30:16,19.381999999999998,{},23.750000000000004,{}
1566111612744,2019-08-18 01:00:12,19.35,{},23.798000000000002,{}
1566113415292,2019-08-18 01:30:15,19.286,{},23.718000000000007,{}
1566115215318,2019-08-18 02:00:15,19.286,{},23.652,{}
1566117016337,2019-08-18 02:30:16,19.206,{},23.636000000000006,{}
1566118814495,2019-08-18 03:00:14,19.206,{},23.54,{}
1566120612446,2019-08-18 03:30:12,19.222,{},23.508000000000006,{}
1566122415947,2019-08-18 04:00:15,19.206,{},23.54,{}
1566124214532,2019-08-18 04:30:14,19.19,{},23.460000000000004,{}
1566126017034,2019-08-18 05:00:17,19.174000000000003,{},23.362,{}
1566127815525,2019-08-18 05:30:15,19.206,{},23.476000000000006,{}
1566129615906,2019-08-18 06:00:15,19.254000000000005,{},23.54,{}
1566131415330,2019-08-18 06:30:15,19.318,{},23.54,{}
1566133215231,2019-08-18 07:00:15,19.334,{},23.492,{}
1566135016826,2019-08-18 07:30:16,19.366,{},23.508000000000006,{}
1566136813584,2019-08-18 08:00:13,19.334,{},23.524,{}
1566138614670,2019-08-18 08:30:14,19.414000000000005,{},23.603999999999996,{}
1566140415346,2019-08-18 09:00:15,19.448000000000004,{},23.652,{}
1566142213312,2019-08-18 09:30:13,19.464000000000002,{},23.636000000000006,{}
1566144015789,2019-08-18 10:00:15,19.496000000000002,{},23.733999999999998,{}
1566145814936,2019-08-18 10:30:14,19.576,{},23.636000000000006,{}
1566147616287,2019-08-18 11:00:16,19.754000000000005,{},23.718000000000007,{}
1566149412518,2019-08-18 11:30:12,20.076000000000004,{},23.942000000000004,{}
1566151223873,2019-08-18 12:00:23,20.318,{},24.184,{}
1566153015510,2019-08-18 12:30:15,20.560000000000002,{},24.362000000000002,{}
1566154813437,2019-08-18 13:00:13,20.736000000000004,{},24.556000000000004,{}
1566156615758,2019-08-18 13:30:15,20.832,{},24.668000000000006,{}
1566158413538,2019-08-18 14:00:13,20.832,{},24.7,{}
1566160215937,2019-08-18 14:30:15,20.816000000000006,{},24.846000000000007,{}
1566162013680,2019-08-18 15:00:13,20.541999999999998,{},24.862000000000002,{}
1566167414956,2019-08-18 16:30:14,19.962000000000003,{},24.796000000000006,{}
1566169214812,2019-08-18 17:00:14,19.35,{},24.732,{}
1566171016956,2019-08-18 17:30:16,19.108000000000004,{},24.588000000000005,{}
1566172816134,2019-08-18 18:00:16,18.884,{},24.298000000000002,{}
1566174615088,2019-08-18 18:30:15,18.69,{},24.088000000000005,{}
1566176413487,2019-08-18 19:00:13,18.594000000000005,{},23.97600000000001,{}
1566178215858,2019-08-18 19:30:15,18.48,{},23.766000000000005,{}
1566180013957,2019-08-18 20:00:13,18.4,{},23.62,{}
1566181816919,2019-08-18 20:30:16,18.368000000000006,{},23.508000000000006,{}
1566183613815,2019-08-18 21:00:13,18.270000000000003,{},23.508000000000006,{}
1566185414888,2019-08-18 21:30:14,18.174,{},23.346000000000007,{}
1566187215272,2019-08-18 22:00:15,18.094000000000005,{},23.362,{}
1566189013378,2019-08-18 22:30:13,18.110000000000003,{},23.330000000000002,{}
1566190814897,2019-08-18 23:00:14,18.03,{},23.218000000000004,{}
1566192614003,2019-08-18 23:30:14,17.996000000000002,{},23.088000000000005,{}
1566194415517,2019-08-19 00:00:15,17.948000000000004,{},23.088000000000005,{}
1566196215306,2019-08-19 00:30:15,17.932,{},23.024,{}
1566198014383,2019-08-19 01:00:14,17.852,{},22.976000000000006,{}
1566199815950,2019-08-19 01:30:15,17.915999999999997,{},22.96,{}
1566201614647,2019-08-19 02:00:14,18.046,{},22.944,{}
1566203441724,2019-08-19 02:30:41,18.046,{},22.782000000000004,{}
1566205216014,2019-08-19 03:00:16,18.158,{},22.814,{}
1566210616954,2019-08-19 04:30:16,18.221999999999998,{},22.733999999999998,{}
1566214215494,2019-08-19 05:30:15,18.352,{},22.718000000000004,{}
1566216014772,2019-08-19 06:00:14,18.432,{},22.686000000000007,{}
1566217812860,2019-08-19 06:30:12,18.544000000000004,{},22.686000000000007,{}
1566219615475,2019-08-19 07:00:15,18.610000000000003,{},22.701999999999998,{}
1566221413248,2019-08-19 07:30:13,28.310000000000002,{},22.686000000000007,{}
1566223213268,2019-08-19 08:00:13,30.291999999999998,{},27.262000000000004,{}
1566225015613,2019-08-19 08:30:15,30.259999999999998,{},29.196000000000012,{}
1566226815010,2019-08-19 09:00:15,30.162,{},29.323999999999995,{}
1566228615927,2019-08-19 09:30:15,30.178000000000004,{},29.323999999999995,{}
1566230414185,2019-08-19 10:00:14,30.033999999999995,{},29.323999999999995,{}
1566232214021,2019-08-19 10:30:14,29.888000000000005,{},29.323999999999995,{}
1566234015146,2019-08-19 11:00:15,29.791999999999994,{},29.323999999999995,{}
1566235818265,2019-08-19 11:30:18,29.759999999999998,{},29.40600000000001,{}
1566237615454,2019-08-19 12:00:15,29.646000000000004,{},29.40600000000001,{}
1566239414273,2019-08-19 12:30:14,29.613999999999997,{},29.390000000000004,{}
1566241216804,2019-08-19 13:00:16,29.533999999999992,{},29.356000000000005,{}
1566243016088,2019-08-19 13:30:16,29.486,{},29.323999999999995,{}
1566244812683,2019-08-19 14:00:12,29.486,{},29.308,{}
1566246615133,2019-08-19 14:30:15,29.43800000000001,{},29.244000000000003,{}
1566248415130,2019-08-19 15:00:15,29.43800000000001,{},29.244000000000003,{}
1566250215126,2019-08-19 15:30:15,29.40600000000001,{},29.244000000000003,{}
1566252013688,2019-08-19 16:00:13,29.43800000000001,{},29.212000000000003,{}
1566257416251,2019-08-19 17:30:16,29.422000000000004,{},29.164,{}
1566259216235,2019-08-19 18:00:16,29.422000000000004,{},29.148000000000007,{}
1566261014518,2019-08-19 18:30:14,29.422000000000004,{},29.180000000000007,{}
1566262814805,2019-08-19 19:00:14,29.422000000000004,{},29.148000000000007,{}
1566264613085,2019-08-19 19:30:13,29.43800000000001,{},29.180000000000007,{}
1566266415188,2019-08-19 20:00:15,29.43800000000001,{},29.132,{}
1566268215115,2019-08-19 20:30:15,29.470000000000006,{},29.049999999999997,{}
1566270015178,2019-08-19 21:00:15,29.502000000000006,{},29.116000000000007,{}
1566271815177,2019-08-19 21:30:15,29.470000000000006,{},29.116000000000007,{}
1566273614018,2019-08-19 22:00:14,29.43800000000001,{},29.100000000000005,{}
1566275414843,2019-08-19 22:30:14,29.470000000000006,{},29.081999999999997,{}
1566277213188,2019-08-19 23:00:13,29.454,{},28.970000000000006,{}
1566279014713,2019-08-19 23:30:14,29.470000000000006,{},29.002000000000006,{}
1566280813934,2019-08-20 00:00:13,29.43800000000001,{},28.954,{}
1566282613137,2019-08-20 00:30:13,29.470000000000006,{},28.93800000000001,{}
1566284416298,2019-08-20 01:00:16,29.470000000000006,{},28.93800000000001,{}
1566286213361,2019-08-20 01:30:13,29.454,{},28.90600000000001,{}
1566288013402,2019-08-20 02:00:13,29.486,{},28.90600000000001,{}
1566289815249,2019-08-20 02:30:15,29.470000000000006,{},28.842000000000002,{}
1566291613567,2019-08-20 03:00:13,30.244000000000003,{},29.664,{}
1566293414464,2019-08-20 03:30:14,30.244000000000003,{},29.872,{}
1566295215106,2019-08-20 04:00:15,30.259999999999998,{},29.888000000000005,{}
1566297016574,2019-08-20 04:30:16,30.210000000000004,{},29.970000000000006,{}
1566298813466,2019-08-20 05:00:13,30.178000000000004,{},29.954000000000004,{}
1566300614450,2019-08-20 05:30:14,30.194,{},30.018,{}
1566302416958,2019-08-20 06:00:16,30.210000000000004,{},29.936000000000007,{}
1566304214278,2019-08-20 06:30:14,30.146000000000008,{},29.954000000000004,{}
1566306015567,2019-08-20 07:00:15,30.146000000000008,{},29.92,{}
1566307815513,2019-08-20 07:30:15,30.146000000000008,{},29.888000000000005,{}
1566309624456,2019-08-20 08:00:24,30.130000000000003,{},29.903999999999996,{}
1566311415470,2019-08-20 08:30:15,30.098000000000003,{},29.84,{}
1566313215224,2019-08-20 09:00:15,30.081999999999997,{},29.903999999999996,{}
1566315014292,2019-08-20 09:30:14,30.066000000000003,{},29.903999999999996,{}
1566316814274,2019-08-20 10:00:14,29.986,{},29.84,{}
1566318615319,2019-08-20 10:30:15,29.903999999999996,{},29.808,{}
1566320413237,2019-08-20 11:00:13,29.791999999999994,{},29.712000000000003,{}
1566322213962,2019-08-20 11:30:13,29.791999999999994,{},29.776000000000003,{}
1566324038286,2019-08-20 12:00:38,29.680000000000007,{},29.613999999999997,{}
1566329414991,2019-08-20 13:30:14,29.533999999999992,{},29.502000000000006,{}
1566331215396,2019-08-20 14:00:15,29.486,{},29.470000000000006,{}
1566333014486,2019-08-20 14:30:14,29.502000000000006,{},29.422000000000004,{}
1566334816170,2019-08-20 15:00:16,29.454,{},29.43800000000001,{}
1566336616947,2019-08-20 15:30:16,29.43800000000001,{},29.372,{}
1566338414110,2019-08-20 16:00:14,29.422000000000004,{},29.40600000000001,{}
1566340216226,2019-08-20 16:30:16,29.43800000000001,{},29.323999999999995,{}
1566342034864,2019-08-20 17:00:34,29.454,{},29.34,{}
1566347414729,2019-08-20 18:30:14,29.470000000000006,{},29.34,{}
1566349214725,2019-08-20 19:00:14,29.422000000000004,{},29.308,{}
1566351015781,2019-08-20 19:30:15,29.454,{},29.291999999999994,{}
1566352815000,2019-08-20 20:00:15,29.43800000000001,{},29.34,{}
1566354614259,2019-08-20 20:30:14,29.43800000000001,{},29.259999999999998,{}
1566356414175,2019-08-20 21:00:14,29.43800000000001,{},29.259999999999998,{}
1566358216551,2019-08-20 21:30:16,29.422000000000004,{},29.22800000000001,{}
1566360013696,2019-08-20 22:00:13,29.43800000000001,{},29.212000000000003,{}
1566361816566,2019-08-20 22:30:16,29.43800000000001,{},29.180000000000007,{}
1566363612994,2019-08-20 23:00:12,29.43800000000001,{},29.212000000000003,{}
1566365414277,2019-08-20 23:30:14,29.43800000000001,{},29.180000000000007,{}
1566367215372,2019-08-21 00:00:15,29.43800000000001,{},29.164,{}
1566369014924,2019-08-21 00:30:14,29.454,{},29.180000000000007,{}
1566370816457,2019-08-21 01:00:16,29.43800000000001,{},29.164,{}
1566372612823,2019-08-21 01:30:12,29.422000000000004,{},29.100000000000005,{}
1566374416242,2019-08-21 02:00:16,29.422000000000004,{},29.034000000000006,{}
1566376213614,2019-08-21 02:30:13,29.422000000000004,{},29.018,{}
1566378014182,2019-08-21 03:00:14,30.244000000000003,{},30.049999999999997,{}
1566379813942,2019-08-21 03:30:13,30.244000000000003,{},30.178000000000004,{}
1566381615062,2019-08-21 04:00:15,30.194,{},30.244000000000003,{}
1566383416914,2019-08-21 04:30:16,30.194,{},30.259999999999998,{}
1566385214325,2019-08-21 05:00:14,30.162,{},30.259999999999998,{}
1566387015355,2019-08-21 05:30:15,30.162,{},30.210000000000004,{}
1566388815101,2019-08-21 06:00:15,30.130000000000003,{},30.194,{}
1566390614636,2019-08-21 06:30:14,30.130000000000003,{},30.194,{}
1566392415210,2019-08-21 07:00:15,30.146000000000008,{},30.130000000000003,{}
1566394214092,2019-08-21 07:30:14,30.049999999999997,{},30.178000000000004,{}
1566396015359,2019-08-21 08:00:15,30.098000000000003,{},30.146000000000008,{}
1566397813794,2019-08-21 08:30:13,30.033999999999995,{},30.098000000000003,{}
1566399614634,2019-08-21 09:00:14,30.049999999999997,{},30.130000000000003,{}
1566401415092,2019-08-21 09:30:15,30.001999999999995,{},30.066000000000003,{}
1566403214981,2019-08-21 10:00:14,29.986,{},30.130000000000003,{}
1566405014790,2019-08-21 10:30:14,29.92,{},30.033999999999995,{}
1566406813576,2019-08-21 11:00:13,29.872,{},29.954000000000004,{}
1566408615628,2019-08-21 11:30:15,29.744000000000003,{},29.936000000000007,{}
1566410414200,2019-08-21 12:00:14,29.744000000000003,{},29.808,{}
1566412213635,2019-08-21 12:30:13,29.664,{},29.776000000000003,{}
1566414014950,2019-08-21 13:00:14,29.646000000000004,{},29.727999999999998,{}
1566415813528,2019-08-21 13:30:13,29.581999999999997,{},29.712000000000003,{}
1566417615478,2019-08-21 14:00:15,29.533999999999992,{},29.680000000000007,{}
1566419413676,2019-08-21 14:30:13,29.581999999999997,{},29.744000000000003,{}
1566424816217,2019-08-21 16:00:16,29.581999999999997,{},29.712000000000003,{}
1566426616484,2019-08-21 16:30:16,29.630000000000003,{},29.776000000000003,{}
1566428413711,2019-08-21 17:00:13,29.613999999999997,{},29.696000000000012,{}
1566430214362,2019-08-21 17:30:14,29.613999999999997,{},29.646000000000004,{}
1566432014301,2019-08-21 18:00:14,29.646000000000004,{},29.680000000000007,{}
1566433816977,2019-08-21 18:30:16,29.598000000000003,{},29.712000000000003,{}
1566435613749,2019-08-21 19:00:13,29.613999999999997,{},29.696000000000012,{}
1566437414686,2019-08-21 19:30:14,29.549999999999997,{},29.646000000000004,{}
1566439216633,2019-08-21 20:00:16,29.581999999999997,{},29.613999999999997,{}
1566441013462,2019-08-21 20:30:13,29.581999999999997,{},29.613999999999997,{}
1566442815316,2019-08-21 21:00:15,29.613999999999997,{},29.664,{}
1566448214488,2019-08-21 22:30:14,29.613999999999997,{},29.646000000000004,{}
1566450017333,2019-08-21 23:00:17,29.598000000000003,{},29.630000000000003,{}
1566451814477,2019-08-21 23:30:14,29.598000000000003,{},29.598000000000003,{}
1566453614184,2019-08-22 00:00:14,30.162,{},30.001999999999995,{}
1566455415078,2019-08-22 00:30:15,30.210000000000004,{},30.372,{}
1566457213523,2019-08-22 01:00:13,30.178000000000004,{},30.244000000000003,{}
1566459015748,2019-08-22 01:30:15,30.162,{},30.244000000000003,{}
1566460815724,2019-08-22 02:00:15,30.130000000000003,{},30.259999999999998,{}
1566462615444,2019-08-22 02:30:15,30.130000000000003,{},30.210000000000004,{}
1566464414740,2019-08-22 03:00:14,30.178000000000004,{},30.388000000000005,{}
1566466214009,2019-08-22 03:30:14,30.178000000000004,{},30.194,{}
1566471615005,2019-08-22 05:00:15,30.113999999999997,{},30.194,{}
1566473414496,2019-08-22 05:30:14,30.033999999999995,{},30.194,{}
1566475216185,2019-08-22 06:00:16,30.130000000000003,{},30.210000000000004,{}
1566475245961,2019-08-22 06:00:45,30.130000000000003,{},30.210000000000004,{}
1566477016832,2019-08-22 06:30:16,30.113999999999997,{},30.276000000000003,{}
1566478813934,2019-08-22 07:00:13,30.033999999999995,{},30.178000000000004,{}
1566480614932,2019-08-22 07:30:14,30.081999999999997,{},30.194,{}
1566482415622,2019-08-22 08:00:15,30.081999999999997,{},30.244000000000003,{}
1566484215281,2019-08-22 08:30:15,30.049999999999997,{},30.244000000000003,{}
1566486016982,2019-08-22 09:00:16,30.066000000000003,{},30.178000000000004,{}
1566487815817,2019-08-22 09:30:15,30.066000000000003,{},30.259999999999998,{}
1566489615009,2019-08-22 10:00:15,29.970000000000006,{},30.146000000000008,{}
1566491413571,2019-08-22 10:30:13,29.903999999999996,{},30.130000000000003,{}
1566493226298,2019-08-22 11:00:26,29.84,{},30.049999999999997,{}
1566495016749,2019-08-22 11:30:16,29.823999999999995,{},30.033999999999995,{}
1566496814254,2019-08-22 12:00:14,29.744000000000003,{},29.903999999999996,{}
1566498615300,2019-08-22 12:30:15,29.680000000000007,{},29.954000000000004,{}
1566500415165,2019-08-22 13:00:15,29.630000000000003,{},29.888000000000005,{}
1566502214656,2019-08-22 13:30:14,29.646000000000004,{},29.791999999999994,{}
1566504014172,2019-08-22 14:00:14,29.680000000000007,{},29.856000000000005,{}
1566505813945,2019-08-22 14:30:13,29.680000000000007,{},29.872,{}
1566507617222,2019-08-22 15:00:17,29.680000000000007,{},29.84,{}
1566509415572,2019-08-22 15:30:15,29.613999999999997,{},29.791999999999994,{}
1566511216141,2019-08-22 16:00:16,29.581999999999997,{},29.696000000000012,{}
1566513014785,2019-08-22 16:30:14,29.646000000000004,{},29.776000000000003,{}
1566514815089,2019-08-22 17:00:15,29.664,{},29.696000000000012,{}
1566516615392,2019-08-22 17:30:15,29.613999999999997,{},29.744000000000003,{}
1566518415112,2019-08-22 18:00:15,29.613999999999997,{},29.727999999999998,{}
1566520215135,2019-08-22 18:30:15,29.646000000000004,{},29.646000000000004,{}
1566522015061,2019-08-22 19:00:15,29.646000000000004,{},29.712000000000003,{}
1566523816029,2019-08-22 19:30:16,29.664,{},29.759999999999998,{}
1566525612737,2019-08-22 20:00:12,29.680000000000007,{},29.712000000000003,{}
1566527416106,2019-08-22 20:30:16,29.712000000000003,{},29.680000000000007,{}
1566529218307,2019-08-22 21:00:18,29.664,{},29.727999999999998,{}
1566531014725,2019-08-22 21:30:14,29.680000000000007,{},29.664,{}
1566532815583,2019-08-22 22:00:15,29.712000000000003,{},29.744000000000003,{}
1566534614038,2019-08-22 22:30:14,29.712000000000003,{},29.744000000000003,{}
1566536415495,2019-08-22 23:00:15,29.680000000000007,{},29.696000000000012,{}
1566538213106,2019-08-22 23:30:13,29.712000000000003,{},29.696000000000012,{}
1566540016027,2019-08-23 00:00:16,29.712000000000003,{},29.664,{}
1566540045602,2019-08-23 00:00:45,29.712000000000003,{},29.664,{}
1566541817496,2019-08-23 00:30:17,30.22600000000001,{},30.436000000000007,{}
1566545416215,2019-08-23 01:30:16,30.22600000000001,{},30.403999999999996,{}
1566545446071,2019-08-23 01:30:46,30.22600000000001,{},30.403999999999996,{}
1566547214615,2019-08-23 02:00:14,30.244000000000003,{},30.388000000000005,{}
1566549013859,2019-08-23 02:30:13,30.194,{},30.372,{}
1566550816583,2019-08-23 03:00:16,30.259999999999998,{},30.436000000000007,{}
1566552615278,2019-08-23 03:30:15,30.22600000000001,{},30.356000000000005,{}
1566554415623,2019-08-23 04:00:15,30.22600000000001,{},30.436000000000007,{}
1566556215351,2019-08-23 04:30:15,30.259999999999998,{},30.372,{}
1566558016183,2019-08-23 05:00:16,30.210000000000004,{},30.403999999999996,{}
1566559815384,2019-08-23 05:30:15,30.259999999999998,{},30.291999999999998,{}
1566561615514,2019-08-23 06:00:15,30.210000000000004,{},30.34,{}
1566563416762,2019-08-23 06:30:16,30.244000000000003,{},30.388000000000005,{}
1566565212967,2019-08-23 07:00:12,30.244000000000003,{},30.403999999999996,{}
1566567015707,2019-08-23 07:30:15,30.210000000000004,{},30.323999999999995,{}
1566568813530,2019-08-23 08:00:13,30.210000000000004,{},30.323999999999995,{}
1566570615354,2019-08-23 08:30:15,30.194,{},30.34,{}
1566572415991,2019-08-23 09:00:15,30.178000000000004,{},30.323999999999995,{}
1566574215944,2019-08-23 09:30:15,30.162,{},30.388000000000005,{}
1566576014852,2019-08-23 10:00:14,30.113999999999997,{},30.34,{}
1566577814793,2019-08-23 10:30:14,30.113999999999997,{},30.259999999999998,{}
1566579616419,2019-08-23 11:00:16,30.033999999999995,{},30.210000000000004,{}
1566581414261,2019-08-23 11:30:14,29.986,{},30.146000000000008,{}
1566583214625,2019-08-23 12:00:14,30.001999999999995,{},30.162,{}
1566585014565,2019-08-23 12:30:14,29.954000000000004,{},30.113999999999997,{}
1566586813640,2019-08-23 13:00:13,29.936000000000007,{},30.081999999999997,{}
1566588616197,2019-08-23 13:30:16,29.888000000000005,{},30.018,{}
1566590414545,2019-08-23 14:00:14,29.84,{},29.970000000000006,{}
1566592216692,2019-08-23 14:30:16,29.823999999999995,{},29.903999999999996,{}
1566594014504,2019-08-23 15:00:14,29.776000000000003,{},29.903999999999996,{}
1566595814120,2019-08-23 15:30:14,29.776000000000003,{},29.856000000000005,{}
1566597616530,2019-08-23 16:00:16,29.664,{},29.744000000000003,{}
1566599413837,2019-08-23 16:30:13,29.680000000000007,{},29.744000000000003,{}
1566601216729,2019-08-23 17:00:16,29.759999999999998,{},29.664,{}
1566603012456,2019-08-23 17:30:12,29.712000000000003,{},29.680000000000007,{}
1566606614612,2019-08-23 18:30:14,29.696000000000012,{},29.712000000000003,{}
1566608414063,2019-08-23 19:00:14,29.680000000000007,{},29.759999999999998,{}
1566610215589,2019-08-23 19:30:15,29.727999999999998,{},29.646000000000004,{}
1566612013637,2019-08-23 20:00:13,29.696000000000012,{},29.727999999999998,{}
1566613816206,2019-08-23 20:30:16,29.664,{},29.759999999999998,{}
1566615613616,2019-08-23 21:00:13,29.712000000000003,{},29.808,{}
1566617414695,2019-08-23 21:30:14,29.744000000000003,{},29.680000000000007,{}
1566619215725,2019-08-23 22:00:15,29.712000000000003,{},29.759999999999998,{}
1566621015078,2019-08-23 22:30:15,29.696000000000012,{},29.744000000000003,{}
1566622816953,2019-08-23 23:00:16,29.759999999999998,{},29.712000000000003,{}
1566624614309,2019-08-23 23:30:14,29.936000000000007,{},29.903999999999996,{}
1566630016475,2019-08-24 01:00:16,30.081999999999997,{},30.22600000000001,{}
1566631816106,2019-08-24 01:30:16,30.113999999999997,{},30.178000000000004,{}
1566633615188,2019-08-24 02:00:15,30.098000000000003,{},30.22600000000001,{}
1566635415464,2019-08-24 02:30:15,30.081999999999997,{},30.178000000000004,{}
1566637215231,2019-08-24 03:00:15,30.113999999999997,{},30.259999999999998,{}
1566639015928,2019-08-24 03:30:15,30.098000000000003,{},30.194,{}
1566640817245,2019-08-24 04:00:17,30.130000000000003,{},30.22600000000001,{}
1566642615325,2019-08-24 04:30:15,30.113999999999997,{},30.194,{}
1566644416427,2019-08-24 05:00:16,30.081999999999997,{},30.210000000000004,{}
1566646214621,2019-08-24 05:30:14,30.113999999999997,{},30.162,{}
1566648015376,2019-08-24 06:00:15,30.113999999999997,{},30.194,{}
1566649813991,2019-08-24 06:30:13,30.113999999999997,{},30.276000000000003,{}
1566651614226,2019-08-24 07:00:14,30.146000000000008,{},30.244000000000003,{}
1566653416291,2019-08-24 07:30:16,30.081999999999997,{},30.194,{}
1566655216075,2019-08-24 08:00:16,30.098000000000003,{},30.22600000000001,{}
1566657015688,2019-08-24 08:30:15,30.098000000000003,{},30.194,{}
1566660615382,2019-08-24 09:30:15,30.113999999999997,{},30.22600000000001,{}
1566662414133,2019-08-24 10:00:14,30.049999999999997,{},30.162,{}
1566664214811,2019-08-24 10:30:14,29.986,{},30.146000000000008,{}
1566666014880,2019-08-24 11:00:14,29.903999999999996,{},30.081999999999997,{}
1566667815320,2019-08-24 11:30:15,29.872,{},30.033999999999995,{}
1566669615558,2019-08-24 12:00:15,29.856000000000005,{},29.986,{}
1566671415356,2019-08-24 12:30:15,29.791999999999994,{},29.954000000000004,{}
1566673214570,2019-08-24 13:00:14,29.744000000000003,{},29.92,{}
1566675016613,2019-08-24 13:30:16,29.712000000000003,{},29.808,{}
1566676814513,2019-08-24 14:00:14,29.680000000000007,{},29.903999999999996,{}
1566678616143,2019-08-24 14:30:16,29.646000000000004,{},29.84,{}
1566680414699,2019-08-24 15:00:14,29.630000000000003,{},29.776000000000003,{}
1566682215660,2019-08-24 15:30:15,29.598000000000003,{},29.744000000000003,{}
1566684013038,2019-08-24 16:00:13,29.598000000000003,{},29.791999999999994,{}
1566685813677,2019-08-24 16:30:13,29.646000000000004,{},29.696000000000012,{}
1566687614837,2019-08-24 17:00:14,29.646000000000004,{},29.727999999999998,{}
1566689414345,2019-08-24 17:30:14,29.630000000000003,{},29.664,{}
1566691215503,2019-08-24 18:00:15,29.664,{},29.808,{}
1566693013866,2019-08-24 18:30:13,29.630000000000003,{},29.680000000000007,{}
1566694814092,2019-08-24 19:00:14,29.630000000000003,{},29.727999999999998,{}
1566696614788,2019-08-24 19:30:14,29.630000000000003,{},29.664,{}
1566698413170,2019-08-24 20:00:13,29.664,{},29.744000000000003,{}
1566700215212,2019-08-24 20:30:15,29.696000000000012,{},29.744000000000003,{}
1566702015128,2019-08-24 21:00:15,29.680000000000007,{},29.712000000000003,{}
1566703815058,2019-08-24 21:30:15,29.696000000000012,{},29.646000000000004,{}
1566705613647,2019-08-24 22:00:13,29.646000000000004,{},29.630000000000003,{}
1566707414183,2019-08-24 22:30:14,29.727999999999998,{},29.646000000000004,{}
1566709215096,2019-08-24 23:00:15,29.712000000000003,{},29.696000000000012,{}
1566711014012,2019-08-24 23:30:14,29.664,{},29.712000000000003,{}
1566712817042,2019-08-25 00:00:17,29.727999999999998,{},29.696000000000012,{}
1566714614953,2019-08-25 00:30:14,30.194,{},30.018,{}
1566716414609,2019-08-25 01:00:14,30.146000000000008,{},30.066000000000003,{}
1566718214023,2019-08-25 01:30:14,30.162,{},30.130000000000003,{}
1566720014745,2019-08-25 02:00:14,30.178000000000004,{},30.049999999999997,{}
1566721816263,2019-08-25 02:30:16,30.146000000000008,{},30.049999999999997,{}
1566723614069,2019-08-25 03:00:14,30.178000000000004,{},30.113999999999997,{}
1566725416511,2019-08-25 03:30:16,30.178000000000004,{},30.146000000000008,{}
1566727213960,2019-08-25 04:00:13,30.22600000000001,{},30.146000000000008,{}
1566729012856,2019-08-25 04:30:12,30.178000000000004,{},30.146000000000008,{}
1566730814869,2019-08-25 05:00:14,30.210000000000004,{},30.130000000000003,{}
1566732615522,2019-08-25 05:30:15,30.22600000000001,{},30.146000000000008,{}
1566734415723,2019-08-25 06:00:15,30.22600000000001,{},30.130000000000003,{}
1566736213934,2019-08-25 06:30:13,30.162,{},30.146000000000008,{}
1566738014944,2019-08-25 07:00:14,30.210000000000004,{},30.098000000000003,{}
1566738044838,2019-08-25 07:00:44,30.210000000000004,{},30.098000000000003,{}
1566738075073,2019-08-25 07:01:15,30.210000000000004,{},30.098000000000003,{}
1566743416268,2019-08-25 08:30:16,30.210000000000004,{},30.033999999999995,{}
1566745213858,2019-08-25 09:00:13,30.210000000000004,{},30.098000000000003,{}
1566747015350,2019-08-25 09:30:15,30.146000000000008,{},30.146000000000008,{}
1566747045228,2019-08-25 09:30:45,30.146000000000008,{},30.146000000000008,{}
1566748814196,2019-08-25 10:00:14,30.113999999999997,{},30.210000000000004,{}
1566750615185,2019-08-25 10:30:15,30.018,{},30.098000000000003,{}
1566754219619,2019-08-25 11:30:19,29.888000000000005,{},29.84,{}
1566756022481,2019-08-25 12:00:22,29.856000000000005,{},29.970000000000006,{}
1566756052401,2019-08-25 12:00:52,29.856000000000005,{},29.970000000000006,{}
1566761414629,2019-08-25 13:30:14,29.696000000000012,{},29.791999999999994,{}
1566763213649,2019-08-25 14:00:13,29.613999999999997,{},29.696000000000012,{}
1566765017962,2019-08-25 14:30:17,29.598000000000003,{},29.696000000000012,{}
1566765046400,2019-08-25 14:30:46,29.598000000000003,{},29.696000000000012,{}
1566765076364,2019-08-25 14:31:16,29.598000000000003,{},29.696000000000012,{}
1566768621483,2019-08-25 15:30:21,29.598000000000003,{},29.646000000000004,{}
1566770418506,2019-08-25 16:00:18,29.566000000000003,{},29.598000000000003,{}
1566772220032,2019-08-25 16:30:20,29.630000000000003,{},29.680000000000007,{}
1566774019182,2019-08-25 17:00:19,29.613999999999997,{},29.598000000000003,{}
1566775818161,2019-08-25 17:30:18,29.598000000000003,{},29.518,{}
1566777622201,2019-08-25 18:00:22,29.598000000000003,{},29.598000000000003,{}
1566779419707,2019-08-25 18:30:19,29.664,{},29.486,{}
1566781220644,2019-08-25 19:00:20,29.581999999999997,{},29.502000000000006,{}
1566783017805,2019-08-25 19:30:17,29.598000000000003,{},29.502000000000006,{}
1566784826791,2019-08-25 20:00:26,29.598000000000003,{},29.486,{}
1566786618466,2019-08-25 20:30:18,29.566000000000003,{},29.470000000000006,{}
1566788417982,2019-08-25 21:00:17,29.566000000000003,{},29.454,{}
1566790219622,2019-08-25 21:30:19,29.598000000000003,{},29.470000000000006,{}
1566793817114,2019-08-25 22:30:17,29.518,{},29.356000000000005,{}
1566797416739,2019-08-25 23:30:16,29.533999999999992,{},29.308,{}
1566799214871,2019-08-26 00:00:14,29.533999999999992,{},29.34,{}
1566801014022,2019-08-26 00:30:14,29.470000000000006,{},29.356000000000005,{}
1566801044730,2019-08-26 00:30:44,29.470000000000006,{},29.356000000000005,{}
1566801073749,2019-08-26 00:31:13,29.470000000000006,{},29.356000000000005,{}
1566804615613,2019-08-26 01:30:15,29.502000000000006,{},29.276000000000003,{}
1566808215878,2019-08-26 02:30:15,29.533999999999992,{},29.276000000000003,{}
1566808245195,2019-08-26 02:30:45,29.533999999999992,{},29.276000000000003,{}
1566819016099,2019-08-26 05:30:16,30.259999999999998,{},30.533999999999995,{}
1566820813751,2019-08-26 06:00:13,30.259999999999998,{},30.452,{}
1566822613947,2019-08-26 06:30:13,30.291999999999998,{},30.468000000000007,{}
1566822643771,2019-08-26 06:30:43,30.291999999999998,{},30.468000000000007,{}
1566822673722,2019-08-26 06:31:13,30.291999999999998,{},30.468000000000007,{}
1566829816468,2019-08-26 08:30:16,30.22600000000001,{},30.388000000000005,{}
1566833414840,2019-08-26 09:30:14,30.22600000000001,{},30.452,{}
1566833445054,2019-08-26 09:30:45,30.22600000000001,{},30.452,{}
1566833474756,2019-08-26 09:31:14,30.22600000000001,{},30.452,{}
1566837042193,2019-08-26 10:30:42,30.130000000000003,{},30.259999999999998,{}
1566838813758,2019-08-26 11:00:13,30.018,{},30.178000000000004,{}
1566840615369,2019-08-26 11:30:15,29.936000000000007,{},30.210000000000004,{}
1566842414390,2019-08-26 12:00:14,29.888000000000005,{},30.098000000000003,{}
1566844214145,2019-08-26 12:30:14,29.872,{},30.049999999999997,{}
1566846015161,2019-08-26 13:00:15,29.856000000000005,{},29.954000000000004,{}
1566847815256,2019-08-26 13:30:15,29.791999999999994,{},29.872,{}
1566847844748,2019-08-26 13:30:44,29.791999999999994,{},29.872,{}
1566851416271,2019-08-26 14:30:16,29.727999999999998,{},29.823999999999995,{}
1566851446288,2019-08-26 14:30:46,29.727999999999998,{},29.823999999999995,{}
1566853214052,2019-08-26 15:00:14,29.712000000000003,{},29.888000000000005,{}
1566855014168,2019-08-26 15:30:14,29.696000000000012,{},29.903999999999996,{}
1566856814651,2019-08-26 16:00:14,29.727999999999998,{},29.791999999999994,{}
1566858615314,2019-08-26 16:30:15,29.727999999999998,{},29.791999999999994,{}
1566860413534,2019-08-26 17:00:13,29.727999999999998,{},29.872,{}
1566862215335,2019-08-26 17:30:15,29.680000000000007,{},29.776000000000003,{}
1566864012925,2019-08-26 18:00:12,29.696000000000012,{},29.776000000000003,{}
1566865835642,2019-08-26 18:30:35,29.759999999999998,{},29.823999999999995,{}
1566869415900,2019-08-26 19:30:15,29.727999999999998,{},29.791999999999994,{}
1566871214675,2019-08-26 20:00:14,29.727999999999998,{},29.776000000000003,{}
1566873014127,2019-08-26 20:30:14,29.759999999999998,{},29.823999999999995,{}
1566874814746,2019-08-26 21:00:14,29.776000000000003,{},29.823999999999995,{}
1566876614469,2019-08-26 21:30:14,29.744000000000003,{},29.808,{}
1566878428053,2019-08-26 22:00:28,29.744000000000003,{},29.823999999999995,{}
1566880216035,2019-08-26 22:30:16,29.776000000000003,{},29.759999999999998,{}
1566882013481,2019-08-26 23:00:13,29.744000000000003,{},29.759999999999998,{}
1566883816225,2019-08-26 23:30:16,29.712000000000003,{},29.727999999999998,{}
1566885613404,2019-08-27 00:00:13,29.776000000000003,{},29.776000000000003,{}
1566887415736,2019-08-27 00:30:15,29.791999999999994,{},29.727999999999998,{}
1566889214850,2019-08-27 01:00:14,29.759999999999998,{},29.759999999999998,{}
1566891013734,2019-08-27 01:30:13,29.744000000000003,{},29.727999999999998,{}
1566892814946,2019-08-27 02:00:14,29.759999999999998,{},29.744000000000003,{}
1566894614913,2019-08-27 02:30:14,29.727999999999998,{},29.759999999999998,{}
1566896415161,2019-08-27 03:00:15,29.791999999999994,{},29.712000000000003,{}
1566898214696,2019-08-27 03:30:14,29.744000000000003,{},29.680000000000007,{}
1566900014009,2019-08-27 04:00:14,29.759999999999998,{},29.664,{}
1566901816396,2019-08-27 04:30:16,29.712000000000003,{},29.696000000000012,{}
1566903613238,2019-08-27 05:00:13,29.712000000000003,{},29.696000000000012,{}
1566905416650,2019-08-27 05:30:16,29.712000000000003,{},29.727999999999998,{}
1566909015112,2019-08-27 06:30:15,29.712000000000003,{},29.712000000000003,{}
1566910813050,2019-08-27 07:00:13,29.744000000000003,{},29.630000000000003,{}
1566912614480,2019-08-27 07:30:14,29.727999999999998,{},29.680000000000007,{}
1566914419683,2019-08-27 08:00:19,29.712000000000003,{},29.664,{}
1566916213038,2019-08-27 08:30:13,29.664,{},29.613999999999997,{}
1566918015966,2019-08-27 09:00:15,29.680000000000007,{},29.680000000000007,{}
1566919814810,2019-08-27 09:30:14,29.664,{},29.630000000000003,{}
1566921615512,2019-08-27 10:00:15,28.842000000000002,{},29.630000000000003,{}
1566923427326,2019-08-27 10:30:27,28.874,{},29.549999999999997,{}
1566925214321,2019-08-27 11:00:14,28.810000000000002,{},29.533999999999992,{}
1566927015883,2019-08-27 11:30:15,28.776000000000007,{},29.486,{}
1566928813946,2019-08-27 12:00:13,28.696000000000005,{},29.486,{}
1566930615347,2019-08-27 12:30:15,28.664,{},29.390000000000004,{}
